Gene Name,FE vs FC,MC vs FC,ME vs FE,ME vs MC,MS vs MC,MS vs ME
SEPT5,1,0,0,0,0,0
A4GALT,1,1,0,0,0,0
AAMP,1,0,0,0,0,0
AASDHPPT,1,0,0,0,0,0
AASS,1,0,0,0,0,0
ABCB6,1,0,0,1,0,1
ABCB7,1,0,0,1,0,0
ABCC1,1,1,0,0,0,0
ABCC4,1,0,0,0,0,0
ABCE1,1,0,0,0,0,0
ABHD17A,1,0,0,1,0,0
ABHD2,1,0,0,1,0,0
ABHD5,1,0,0,0,0,0
ABL2,1,0,0,0,0,0
ABLIM3,1,0,0,1,0,1
ABRA,1,0,0,1,0,0
AC131097.2,1,0,0,0,0,0
ACADM,1,0,0,0,0,0
ACADSB,1,0,0,1,0,0
ACAP3,1,0,0,0,0,0
ACBD5,1,0,0,0,0,0
ACOX2,1,0,0,0,0,0
ACTB,1,0,0,0,0,0
ACTN1,1,1,0,0,0,0
ACTR1B,1,0,0,1,0,0
ACVR1,1,0,0,0,0,0
ADAM19,1,0,0,0,0,0
ADAM28,1,0,0,0,0,0
ADAM33,1,0,0,0,0,0
ADAMTS2,1,0,0,0,0,0
ADAMTS9,1,0,0,0,0,0
ADCK5,1,0,0,0,0,0
ADGRA3,1,0,1,0,0,0
ADGRB2,1,0,0,0,0,0
ADGRB3,1,0,0,0,0,0
ADGRE5,1,0,0,0,0,0
ADGRF2,1,0,0,0,0,0
ADGRF5,1,0,0,1,0,1
ADIRF,1,0,0,0,0,0
ADO,1,0,0,0,0,0
ADORA2B,1,0,0,0,0,0
ADRB2,1,0,0,0,0,0
ADRM1,1,0,0,0,0,0
AEBP1,1,0,0,0,0,0
AES,1,0,0,1,0,0
AFDN,1,0,0,1,0,0
AGAP2,1,0,0,0,0,0
AGO4,1,0,0,0,0,0
AGPAT5,1,0,0,0,0,0
AGTPBP1,1,0,0,0,0,0
AHI1,1,0,0,0,0,0
AIG1,1,0,0,1,0,0
AK1,1,0,1,0,0,0
AKAP11,1,0,0,0,0,0
AKAP17A,1,0,0,0,0,0
AL121845.3,1,0,0,0,0,0
AL136295.5,1,0,0,0,0,0
AL139011.2,1,0,0,0,0,0
AL162231.1,1,0,0,0,0,0
ALDH1A1,1,1,0,0,0,0
ALDH6A1,1,0,0,0,0,0
ALDH7A1,1,0,0,1,0,0
ALDOA,1,0,0,0,0,0
ALKBH7,1,0,0,0,0,0
AMER1,1,0,0,0,0,0
AMOT,1,0,0,0,0,0
ANGEL1,1,0,0,0,0,0
ANGPT2,1,0,0,0,0,0
ANGPTL4,1,0,0,0,0,0
ANKHD1,1,0,0,0,0,0
ANKRD23,1,0,0,1,0,0
ANKRD35,1,0,0,0,0,0
ANKRD37,1,0,0,1,0,0
ANKRD6,1,0,0,1,0,0
ANPEP,1,0,0,0,0,0
ANXA1,1,0,0,0,0,0
ANXA11,1,0,0,0,0,0
ANXA2,1,0,0,0,0,0
ANXA6,1,0,0,0,0,0
AP1G1,1,0,0,0,0,0
AP2A1,1,0,0,0,0,0
AP2A2,1,0,0,0,0,0
AP3S1,1,0,0,0,0,0
APBB1IP,1,0,0,0,0,0
APOBEC2,1,0,0,0,0,0
APOL3,1,0,0,1,0,1
APRT,1,0,0,0,0,0
ARF1,1,0,0,1,0,0
ARHGAP28,1,0,0,0,0,0
ARHGAP4,1,0,0,0,0,0
ARHGAP42,1,0,0,0,0,0
ARHGAP45,1,0,0,0,0,0
ARHGDIA,1,0,0,0,0,0
ARHGEF10L,1,1,1,1,0,1
ARHGEF16,1,0,0,1,0,1
ARHGEF3,1,0,0,1,0,0
ARHGEF4,1,0,0,1,0,0
ARHGEF40,1,0,0,0,0,0
ARL10,1,0,0,0,0,0
ARL15,1,0,0,0,0,0
ARL6IP1,1,0,0,1,0,1
ARL6IP4,1,0,0,1,0,0
ARMCX3,1,0,0,0,0,0
ARPC1B,1,0,0,0,0,0
ARPP19,1,0,0,0,0,0
ARRB2,1,0,0,0,0,0
ARRDC4,1,0,0,0,0,0
ARSB,1,0,0,1,0,0
ASAP3,1,0,0,0,0,0
ASB14,1,0,0,0,0,0
ASMTL,1,0,1,0,0,0
ASPSCR1,1,0,0,1,0,1
ATAD2,1,0,0,0,0,0
ATCAY,1,0,0,1,0,0
ATE1,1,0,0,0,0,0
ATF4,1,0,0,0,0,0
ATG5,1,1,0,0,0,0
ATP13A1,1,0,0,0,0,0
ATP13A2,1,0,0,0,0,0
ATP2A1,1,0,0,0,0,0
ATP2A2,1,0,0,0,0,0
ATP2B2,1,0,0,0,0,0
ATP5F1D,1,0,0,0,0,0
ATP5PB,1,0,0,1,0,0
ATP6V0A1,1,1,0,0,0,0
ATP6V0A2,1,0,0,0,0,0
ATP6V0C,1,0,0,0,0,0
ATP8A2,1,0,1,0,0,0
ATXN1L,1,0,0,0,0,0
ATXN7L3B,1,0,0,0,0,0
AUH,1,0,0,0,0,0
AURKAIP1,1,0,0,0,0,0
AXIN2,1,0,0,0,0,0
AXL,1,0,1,0,0,0
B3GALNT2,1,0,0,0,0,0
B3GAT3,1,0,0,0,0,0
B4GAT1,1,0,0,0,0,0
BACH2,1,0,0,0,0,0
BAD,1,0,0,1,0,0
BAIAP2L1,1,0,0,0,0,0
BANF1,1,0,0,0,0,0
BASP1,1,1,0,0,0,0
BAZ2B,1,0,0,0,0,0
BCL2L12,1,0,0,0,0,0
BCL9L,1,0,0,0,0,0
BHLHB9,1,0,0,0,0,0
BIRC6,1,0,0,0,0,0
BIVM,1,0,0,0,0,0
BLOC1S1,1,0,0,0,0,0
BMPER,1,0,0,0,0,0
BOP1,1,0,0,1,0,0
BORCS6,1,0,0,1,0,0
BPGM,1,0,0,0,0,0
BRD3,1,0,0,1,0,0
BRF1,1,0,0,1,0,0
BTN3A1,1,0,0,0,0,0
BUD31,1,0,0,0,0,0
C11orf54,1,1,0,0,0,0
C11orf95,1,0,0,0,0,0
C11orf96,1,0,0,0,0,0
C12orf57,1,0,0,0,0,0
C14orf37,1,0,0,1,0,1
C15orf41,1,0,0,0,0,0
C19orf47,1,0,0,0,0,0
C1QB,1,0,0,0,0,0
C1QTNF5,1,0,0,0,0,0
C1R,1,0,0,0,0,0
C1orf109,1,0,0,0,0,0
C1orf122,1,0,0,0,0,0
C1orf158,1,0,0,1,0,0
C1orf198,1,0,0,0,0,0
C1orf35,1,0,0,0,0,0
C20orf194,1,0,0,0,0,0
C21orf2,1,0,0,0,0,0
C21orf59,1,0,0,1,0,0
C2orf69,1,0,0,0,0,0
C2orf88,1,0,0,1,0,1
C3,1,0,0,0,0,0
C4orf36,1,0,0,1,0,0
C4orf46,1,0,0,0,0,0
C5AR1,1,0,0,0,0,0
C5orf22,1,0,0,0,0,0
C6orf132,1,0,0,0,0,0
C6orf141,1,0,0,0,0,0
CACNB1,1,0,0,1,0,1
CACNG1,1,0,0,0,0,0
CACNG6,1,0,0,1,0,0
CACUL1,1,0,0,0,0,0
CADM2,1,0,0,0,0,0
CALML6,1,0,0,0,0,0
CALR,1,0,0,0,0,0
CALU,1,0,0,1,0,1
CAMK1,1,1,0,0,0,0
CAMK2A,1,0,0,0,0,0
CAMK2B,1,0,0,1,0,1
CAMK2D,1,0,0,0,0,0
CAPN3,1,0,0,0,0,0
CAPN7,1,0,0,0,0,0
CAPRIN1,1,0,0,0,0,0
CARD8,1,0,0,0,0,0
CARM1,1,0,0,1,0,0
CASZ1,1,0,0,1,0,0
CATSPERE,1,0,0,0,0,0
CAV3,1,0,0,1,0,0
CAVIN1,1,0,0,0,0,0
CAVIN3,1,0,0,0,0,0
CBR3,1,0,0,0,0,0
CBWD2,1,1,0,0,0,0
CC2D1A,1,0,0,1,0,0
CCDC107,1,0,0,0,0,0
CCDC12,1,0,0,0,0,0
CCDC124,1,0,0,1,0,0
CCDC141,1,0,0,0,0,0
CCDC160,1,0,0,0,0,0
CCDC186,1,0,0,0,0,0
CCDC22,1,0,0,0,0,0
CCDC85B,1,0,0,1,0,0
CCDC88B,1,0,0,0,0,0
CCDC9,1,0,0,1,0,0
CCDC93,1,0,0,0,0,0
CCDC94,1,0,0,1,0,1
CCDC97,1,0,0,1,0,0
CCHCR1,1,0,1,0,0,0
CCM2,1,0,0,0,0,0
CCNJ,1,0,0,0,0,0
CCR10,1,0,0,0,0,0
CCR3,1,0,0,0,0,0
CD248,1,0,0,0,0,0
CD2AP,1,0,0,0,0,0
CD320,1,0,0,0,0,0
CD38,1,1,0,1,0,1
CD3E,1,0,0,0,0,0
CD63,1,0,0,0,0,0
CD99,1,0,1,0,0,0
CDC25B,1,0,0,0,0,0
CDC34,1,0,0,0,0,0
CDH15,1,0,0,1,0,1
CDK18,1,1,0,1,0,1
CDKAL1,1,0,0,0,0,0
CDRT1,1,0,0,0,0,0
CEBPB,1,0,0,1,0,0
CEBPD,1,0,0,0,0,0
CENPH,1,0,0,0,0,0
CENPL,1,0,0,0,0,0
CENPP,1,0,0,0,0,0
CENPT,1,0,0,0,0,1
CENPX,1,0,0,0,0,0
CEP131,1,0,0,0,0,0
CEP57L1,1,0,0,0,0,0
CEP70,1,0,0,1,0,1
CEP85L,1,0,0,0,0,0
CFAP61,1,0,0,0,0,0
CFD,1,0,0,1,0,0
CFL1,1,0,0,0,0,0
CFLAR,1,0,0,1,0,0
CHCHD3,1,0,0,1,0,0
CHCHD7,1,0,0,1,0,0
CHGB,1,0,0,1,0,0
CHIC1,1,1,0,0,0,0
CHKB,1,0,0,0,0,0
CHM,1,0,0,0,0,0
CHML,1,0,0,0,0,0
CHMP1A,1,0,0,0,0,0
CHMP6,1,0,0,0,0,0
CHP1,1,0,0,1,0,0
CHPF,1,0,0,0,0,0
CHRD,1,0,0,0,0,0
CHST15,1,0,0,0,0,0
CIB1,1,0,0,0,0,0
CIDEA,1,1,0,0,0,0
CILP,1,0,0,0,0,0
CITED4,1,0,0,0,0,0
CKB,1,0,0,1,0,0
CLASRP,1,0,0,1,0,0
CLEC3B,1,0,0,0,0,0
CLIC1,1,0,0,0,0,0
CLPX,1,0,0,0,0,0
CLTA,1,0,0,0,0,0
CLTB,1,0,0,0,0,0
CMTM3,1,0,0,0,0,0
CMTR2,1,1,0,0,0,0
CNKSR2,1,0,0,1,0,0
CNN2,1,1,0,0,0,0
CNOT6L,1,0,0,0,0,0
CNP,1,0,0,0,0,0
COG4,1,0,0,0,0,0
COL12A1,1,0,0,0,0,0
COL16A1,1,0,0,0,0,0
COL18A1,1,0,0,0,0,0
COL1A1,1,0,0,0,0,0
COL1A2,1,0,0,0,0,0
COL5A1,1,0,0,0,0,0
COL6A1,1,0,0,0,0,0
COL6A2,1,0,0,0,0,0
COL8A2,1,1,0,0,0,0
COMMD6,1,0,0,0,0,0
COMT,1,0,0,0,0,0
COMTD1,1,0,0,0,0,0
COPE,1,0,0,0,0,0
COX14,1,0,0,0,0,0
COX15,1,0,0,1,0,0
COX20,1,0,0,1,0,0
COX6A1,1,0,0,0,0,0
COX6A2,1,0,0,0,0,0
CPEB3,1,0,0,0,0,0
CPPED1,1,1,0,0,0,0
CPVL,1,0,1,0,0,0
CPXM2,1,1,0,0,0,0
CRABP2,1,0,0,0,0,0
CRCP,1,0,0,0,0,0
CRIP1,1,0,0,0,0,0
CRIP2,1,0,0,0,0,0
CROCC,1,0,0,1,0,0
CRYM,1,0,0,0,0,0
CS,1,0,0,1,0,1
CSGALNACT1,1,0,0,1,0,1
CSNK1G2,1,0,0,0,0,0
CSPG5,1,0,0,0,0,0
CST3,1,0,0,0,0,0
CTBP1,1,0,0,1,0,0
CTDSP1,1,1,0,0,0,0
CTNNA1,1,0,0,0,0,0
CTU2,1,0,0,0,0,0
CUEDC1,1,0,0,0,0,0
CUL4A,1,0,0,0,0,0
CXCR2,1,0,0,0,0,0
CYB5R3,1,0,0,0,0,0
CYBA,1,0,0,0,0,0
CYLD,1,0,0,0,0,0
CYP11A1,1,0,0,0,0,0
CYP4X1,1,0,0,1,0,0
CYTIP,1,0,0,0,0,0
DACT2,1,0,0,0,0,0
DAD1,1,0,0,0,0,0
DAGLA,1,0,0,0,0,0
DAPK3,1,0,0,1,0,0
DARS,1,0,0,0,0,0
DAZAP1,1,0,0,1,0,0
DBNDD2,1,0,0,0,0,0
DBT,1,0,0,0,0,0
DCAF15,1,0,0,0,0,0
DCLRE1A,1,0,0,0,0,0
DDAH2,1,0,0,0,0,0
DDHD1,1,0,0,0,0,0
DDHD2,1,0,0,0,0,0
DDI2,1,0,0,0,0,0
DDRGK1,1,0,0,1,0,0
DDT,1,0,0,0,0,0
DDX23,1,0,0,0,0,0
DDX39A,1,1,0,0,0,0
DDX54,1,0,0,1,0,0
DDX56,1,0,0,1,0,0
DDX60,1,0,0,1,0,0
DECR1,1,0,0,1,0,1
DEDD2,1,0,0,0,0,0
DENND1B,1,0,0,0,0,0
DENND5B,1,0,0,0,0,0
DENND6A,1,0,0,0,0,0
DES,1,0,0,1,0,0
DFFA,1,0,0,0,0,0
DGAT1,1,0,0,0,0,0
DHPS,1,0,0,0,0,0
DHRS7B,1,0,0,0,0,0
DHTKD1,1,0,0,0,0,0
DHX34,1,0,0,0,0,0
DHX40,1,1,0,0,0,0
DIRAS1,1,0,0,1,0,0
DIRC2,1,1,0,0,0,0
DIS3,1,0,0,0,0,0
DLAT,1,0,0,0,0,0
DLD,1,0,0,1,0,0
DMWD,1,0,0,0,0,0
DMXL2,1,0,1,0,0,0
DNAH10,1,0,0,0,0,0
DNAJB2,1,0,0,1,0,0
DNAJC1,1,0,0,1,0,0
DNAJC28,1,0,0,0,0,0
DNALI1,1,0,0,0,0,0
DNM1,1,0,0,0,0,0
DNM1L,1,0,0,0,0,0
DNMBP,1,0,0,1,0,0
DNPH1,1,0,0,0,0,0
DOCK3,1,1,0,0,0,0
DOCK4,1,0,0,1,0,0
DOCK9,1,0,0,1,0,0
DOHH,1,0,0,1,0,0
DOK5,1,0,0,0,0,0
DPM3,1,0,0,0,0,0
DPP7,1,0,0,0,0,0
DPT,1,0,0,0,0,0
DPYSL2,1,0,0,1,0,1
DTX2,1,0,0,0,0,0
DUPD1,1,0,0,1,0,0
DUS1L,1,0,0,0,0,0
DUS3L,1,0,0,1,0,0
DUSP23,1,0,0,0,0,0
DVL1,1,0,0,0,0,0
DYRK1B,1,0,0,1,0,0
DYSF,1,0,0,0,0,0
E2F3,1,0,0,0,0,0
E4F1,1,0,0,1,0,0
EDF1,1,0,0,0,0,0
EEF1A2,1,0,0,0,0,0
EEF1B2,1,0,0,0,0,0
EEF1D,1,0,0,0,0,0
EFEMP1,1,0,0,0,0,0
EGLN2,1,1,0,0,0,0
EHHADH,1,0,0,1,0,0
EIF2AK2,1,0,0,0,0,0
EIF4G3,1,0,0,0,0,0
ELN,1,0,0,0,0,0
ELOF1,1,0,0,0,0,0
ELOVL5,1,0,0,0,0,0
ELP3,1,0,0,0,0,0
EMC6,1,0,0,0,0,0
EMILIN1,1,0,0,0,0,0
EMILIN2,1,1,0,0,0,0
EMP3,1,0,0,0,0,0
ENC1,1,0,0,0,0,0
ENKD1,1,0,0,0,0,0
ENO3,1,0,1,0,0,0
ENSA,1,0,0,0,0,0
ENTPD3,1,0,0,1,0,0
EPB41L4A,1,0,0,0,0,0
EPHB6,1,1,0,0,0,0
EPN1,1,0,0,1,0,0
ERBB2,1,0,0,1,0,0
ERCC8,1,0,0,0,0,0
ERN1,1,0,0,0,0,0
ERP29,1,0,0,0,0,0
ERRFI1,1,0,0,0,0,0
ESRRG,1,0,0,0,0,0
ESYT1,1,0,0,0,0,0
EXD3,1,0,0,1,0,0
EXOC6,1,0,0,0,0,0
F8,1,0,0,1,0,1
FAAH,1,0,0,1,0,1
FAAP20,1,0,0,0,0,0
FAM107B,1,0,0,0,0,0
FAM110A,1,1,0,0,0,0
FAM124A,1,0,0,0,0,0
FAM135A,1,0,0,0,0,0
FAM166B,1,0,0,1,0,0
FAM173A,1,0,0,1,0,0
FAM184B,1,1,0,1,0,0
FAM189A2,1,0,0,1,0,0
FAM193B,1,0,0,1,0,0
FAM208B,1,0,0,0,0,0
FAM20C,1,0,0,0,0,0
FAM220A,1,0,0,0,0,0
FAM50B,1,0,0,1,0,0
FAM69A,1,0,0,0,0,0
FAM71F2,1,0,0,0,0,0
FAM78B,1,1,0,0,0,0
FAM90A1,1,0,0,0,0,0
FAM96B,1,0,0,0,0,0
FANCM,1,0,0,0,0,0
FARP1,1,0,0,0,0,0
FASTKD2,1,0,0,0,0,0
FAU,1,0,0,0,0,0
FBLN1,1,0,0,0,0,0
FBN1,1,1,0,0,0,0
FBN3,1,0,0,0,0,0
FBP2,1,0,0,0,0,0
FBRSL1,1,0,0,0,0,0
FBXL12,1,0,0,0,0,0
FBXL15,1,0,0,1,0,0
FBXL4,1,1,0,0,0,0
FBXL6,1,0,0,0,0,0
FBXL8,1,0,0,1,0,0
FBXO10,1,1,0,0,0,0
FBXO3,1,0,0,0,0,0
FBXO30,1,0,0,0,0,0
FBXO40,1,0,0,0,0,0
FBXO46,1,0,0,0,0,0
FBXW2,1,0,0,0,0,0
FBXW5,1,0,0,0,0,0
FCGR3B,1,0,0,0,0,0
FCHO2,1,0,0,0,0,0
FDX2,1,0,0,1,0,0
FEM1A,1,0,0,1,0,0
FEM1B,1,0,0,0,0,0
FGF9,1,0,0,1,0,0
FHL2,1,0,0,1,0,0
FKBP2,1,0,0,0,0,0
FKBP4,1,0,0,0,0,0
FLNA,1,0,0,0,0,0
FLVCR1,1,0,0,0,0,0
FMN1,1,0,0,0,0,0
FMNL1,1,0,0,0,0,0
FNBP1L,1,0,0,1,0,0
FNDC1,1,0,0,0,0,0
FOSL2,1,0,0,0,0,0
FOXO6,1,0,0,0,0,0
FSTL1,1,1,0,0,0,0
FSTL3,1,0,0,0,0,0
FUK,1,0,0,1,0,1
FXYD1,1,0,0,0,0,0
FZD1,1,0,0,0,0,0
GABARAPL1,1,0,0,0,0,0
GABRR2,1,0,0,0,0,0
GADD45A,1,0,0,0,0,0
GADD45B,1,0,0,0,0,0
GADD45GIP1,1,0,0,0,0,0
GALK1,1,0,0,0,0,0
GALNT16,1,0,0,0,0,0
GALNT17,1,1,0,0,0,0
GAMT,1,0,0,1,0,0
GAPDH,1,0,0,0,0,0
GAREM1,1,0,0,0,0,0
GAS1,1,0,0,0,0,0
GAS6,1,1,0,0,0,0
GAS7,1,0,0,0,0,0
GATC,1,0,0,0,0,0
GBE1,1,0,0,0,0,0
GBP2,1,0,0,0,0,0
GBP4,1,0,0,1,0,1
GCFC2,1,0,0,0,0,0
GCLM,1,0,0,0,0,0
GCSH,1,0,0,0,0,0
GDF1,1,0,0,1,0,0
GDF10,1,0,0,0,0,0
GDI1,1,0,0,0,0,0
GFPT2,1,0,0,0,0,0
GGT1,1,0,0,0,0,0
GHITM,1,0,0,1,0,0
GIMAP4,1,0,0,1,0,1
GIMAP8,1,0,0,1,0,0
GIPC1,1,0,0,1,0,0
GJC1,1,0,0,1,0,0
GLIPR2,1,0,0,0,0,0
GLIS3,1,0,0,0,0,0
GLRX,1,0,0,1,0,0
GLUD1,1,0,0,1,0,0
GMPPB,1,0,0,0,0,0
GNB1L,1,0,0,1,0,1
GNB2,1,0,0,0,0,0
GNG7,1,0,1,0,0,0
GNPDA2,1,1,0,0,0,0
GNPTAB,1,0,0,1,0,0
GNPTG,1,0,0,1,0,0
GOLGA8N,1,0,0,0,0,0
GOT2,1,0,0,1,0,0
GP1BA,1,0,0,1,0,0
GPAA1,1,0,0,0,0,0
GPD1L,1,0,0,1,0,0
GPS1,1,0,0,0,0,0
GPSM2,1,0,0,1,0,0
GPX1,1,0,0,0,0,0
GPX4,1,0,0,0,0,0
GRM2,1,0,0,0,0,0
GSR,1,0,0,0,0,0
GSTA4,1,0,0,0,0,0
GTF3C3,1,0,0,0,0,0
GTF3C4,1,0,0,0,0,0
GUCY1A1,1,0,0,0,0,0
GUCY1A2,1,0,0,0,0,0
GUF1,1,0,0,0,0,0
GUK1,1,0,0,0,0,0
GULP1,1,0,0,0,0,0
GYPC,1,0,0,1,0,0
H1FX,1,0,0,1,0,0
H2AFJ,1,0,0,1,0,0
H2AFX,1,0,0,1,0,0
H2AFZ,1,0,0,0,0,0
HADHB,1,0,0,0,0,0
HAS3,1,0,0,1,0,0
HBP1,1,0,0,0,0,0
HCFC2,1,0,0,0,0,0
HCN1,1,0,0,1,0,0
HCST,1,0,0,0,0,0
HDAC10,1,0,0,0,0,0
HDAC5,1,0,0,0,0,0
HDGFL2,1,0,0,1,0,0
HERC5,1,0,0,0,0,0
HERC6,1,0,0,1,0,0
HEXDC,1,0,0,1,0,0
HEY1,1,0,0,1,0,0
HGS,1,0,0,1,0,0
HIBADH,1,0,0,0,0,0
HIST1H3E,1,0,0,0,0,0
HM13,1,0,0,0,0,0
HMG20A,1,0,0,0,0,0
HMGB2,1,0,0,0,0,0
HMGN5,1,0,0,0,0,0
HMOX1,1,1,0,0,0,0
HNRNPM,1,0,0,1,0,0
HOXA4,1,0,0,0,0,0
HOXA9,1,0,0,0,0,0
HOXB2,1,0,0,0,0,0
HOXC11,1,0,0,0,0,0
HOXC6,1,0,0,0,0,0
HOXC9,1,0,0,0,0,0
HRAS,1,0,0,1,0,0
HS6ST1,1,0,0,0,0,0
HS6ST3,1,0,0,0,0,0
HSD11B1L,1,0,0,1,0,0
HSD17B3,1,0,0,0,0,0
HSDL2,1,0,0,0,0,0
HSF1,1,0,0,0,0,0
HSF2,1,0,0,0,0,0
HSPA2,1,0,0,0,0,0
HSPB1,1,0,0,0,0,1
HSPB2-C11orf52,1,0,0,1,0,0
HSPBP1,1,0,0,0,0,0
HTD2,1,0,0,0,0,0
HTRA1,1,1,0,0,0,0
HYAL4,1,1,0,0,0,0
HYI,1,0,0,1,0,0
IBTK,1,0,0,0,0,0
IDO1,1,0,0,0,0,0
IDUA,1,0,0,0,0,0
IER5L,1,0,0,0,0,0
IFI44,1,0,0,0,0,0
IFI44L,1,0,0,0,0,1
IFIT3,1,0,0,0,0,0
IFNAR2,1,0,0,0,0,0
IFRD1,1,0,0,0,0,0
IGFBP6,1,0,0,0,0,0
IGSF10,1,0,0,0,0,0
IGSF11,1,0,0,0,0,0
IGSF8,1,1,0,0,0,0
IGSF9B,1,0,0,0,0,0
IKBKB,1,0,0,0,0,0
IL1RAP,1,0,1,0,0,0
IL31RA,1,0,0,0,0,0
IMP3,1,0,0,0,0,0
IMPA2,1,0,0,1,0,0
IMPACT,1,1,0,0,0,0
IMPDH1,1,0,0,0,0,0
INAFM1,1,0,0,1,0,0
INF2,1,0,0,0,0,0
INHBE,1,0,0,0,0,0
INO80C,1,0,0,1,0,0
INO80E,1,0,0,1,0,0
INPP5J,1,0,0,1,1,0
INSR,1,0,1,0,0,0
INTS1,1,0,0,0,0,0
INTS11,1,0,0,0,0,0
IP6K2,1,0,0,1,0,1
IRAK2,1,0,0,0,0,0
IRAK3,1,0,0,1,0,0
IRF3,1,0,0,0,0,0
ISCA1,1,0,0,0,0,0
ISLR,1,0,0,0,0,0
ISOC2,1,0,0,0,0,0
ITGA10,1,0,0,0,0,0
ITGA7,1,0,0,0,0,0
ITGAD,1,0,0,0,0,0
ITGAV,1,0,0,0,0,0
ITGB2,1,0,0,0,0,0
ITGB3BP,1,1,0,0,0,0
ITSN2,1,0,0,0,0,0
IZUMO4,1,0,0,0,0,0
JAG2,1,0,0,0,0,0
JAGN1,1,0,0,0,0,0
JDP2,1,0,0,0,0,0
JMY,1,0,0,0,0,0
JOSD2,1,0,0,0,0,0
JPH2,1,0,0,1,0,0
JSRP1,1,0,0,1,0,0
JTB,1,0,0,0,0,0
JUND,1,0,0,1,0,0
KALRN,1,0,0,1,0,0
KAZN,1,0,0,0,0,0
KCNJ12,1,0,0,1,0,0
KCNK7,1,0,0,0,0,0
KCNMA1,1,0,0,0,0,0
KCTD8,1,0,0,0,0,0
KCTD9,1,0,0,0,0,0
KDELR3,1,0,0,0,0,0
KDM7A,1,0,0,0,0,0
KIAA1191,1,0,0,1,0,1
KIAA1217,1,0,0,0,0,0
KIAA1671,1,0,0,0,0,0
KIFC2,1,0,0,0,0,0
KLC1,1,0,0,0,0,0
KLF10,1,0,0,0,0,0
KLF12,1,0,0,1,0,0
KLF13,1,0,0,0,0,0
KLHDC8B,1,1,0,1,0,0
KLHL12,1,0,0,0,0,0
KLHL36,1,0,0,0,0,0
KNTC1,1,0,0,0,0,0
KRBA1,1,0,0,0,0,0
KREMEN1,1,0,0,0,0,0
KRTCAP2,1,0,0,0,0,0
L3MBTL2,1,0,0,0,0,0
LACTB2,1,0,0,0,0,0
LAMB3,1,0,0,0,0,0
LARP6,1,0,0,1,0,0
LBX1,1,0,0,1,0,0
LCLAT1,1,0,0,0,0,0
LDHA,1,0,0,0,0,0
LDHB,1,1,0,1,0,1
LENG8,1,0,0,1,0,0
LETM1,1,0,0,0,0,0
LGALS1,1,0,0,1,0,1
LGI4,1,0,0,1,0,1
LGSN,1,0,0,0,0,0
LIAS,1,0,0,0,0,0
LIFR,1,0,0,0,0,1
LIMD2,1,0,0,0,0,0
LIME1,1,0,0,1,0,0
LIN37,1,0,0,0,0,0
LIN7B,1,0,0,0,0,0
LINGO1,1,0,0,0,0,0
LMAN1,1,0,0,0,0,0
LMBR1,1,1,0,0,0,0
LMF2,1,0,0,0,0,0
LMNA,1,0,0,0,0,0
LMNB1,1,0,0,0,0,0
LMNB2,1,0,0,0,0,0
LMO4,1,0,0,1,0,0
LMOD1,1,0,0,1,0,0
LMOD3,1,0,0,0,0,0
LNX1,1,0,0,1,0,0
LONP1,1,0,0,0,0,0
LOXL1,1,1,0,0,0,0
LRBA,1,0,0,0,0,0
LRCH4,1,0,0,1,0,1
LRFN4,1,0,0,0,0,0
LRP12,1,0,0,0,0,0
LRP3,1,0,0,1,0,0
LRRC2,1,0,0,0,0,0
LRRC20,1,0,0,1,0,0
LRRC29,1,0,0,0,0,0
LRRC45,1,0,0,1,0,0
LRRC8B,1,0,0,0,0,0
LRRN4CL,1,0,0,0,0,0
LRRTM2,1,0,0,0,0,0
LRSAM1,1,0,0,0,0,0
LRWD1,1,0,0,0,0,0
LSM10,1,0,0,0,0,0
LSM4,1,0,0,0,0,0
LSM7,1,0,0,0,0,0
LSP1,1,0,0,0,0,0
LTBP4,1,0,0,0,0,0
LZTS1,1,0,0,0,0,0
MACROD1,1,0,0,0,0,0
MAD1L1,1,0,0,0,0,0
MAF1,1,0,0,0,0,0
MAGEE1,1,0,0,0,0,0
MAP1A,1,0,0,0,0,0
MAP1S,1,0,0,1,0,0
MAP2K2,1,0,0,1,0,0
MAP2K3,1,0,0,0,0,0
MAP3K2,1,0,0,0,0,0
MAP3K5,1,0,0,1,0,1
MAP3K7,1,0,0,0,0,0
MAP3K9,1,0,0,0,0,0
MAP7D1,1,0,0,1,0,0
MAPK12,1,0,0,0,0,0
MAPKAPK2,1,0,0,0,0,0
MAPKBP1,1,0,0,0,0,1
MARCO,1,0,0,0,0,0
MARF1,1,0,0,0,0,0
MARVELD1,1,0,0,0,0,0
MAST3,1,0,0,1,0,0
MBD3,1,0,0,1,0,0
MBNL2,1,0,0,0,0,0
MBOAT7,1,0,0,0,0,0
MBTPS2,1,0,0,0,0,0
MCAM,1,1,0,0,0,0
MCM4,1,0,0,1,0,0
MCM8,1,0,0,0,0,0
MCUR1,1,0,0,1,0,1
MDFI,1,0,0,0,0,0
MDH1,1,0,0,1,0,0
MDN1,1,0,0,0,0,0
MED11,1,0,0,0,0,0
MED22,1,0,0,0,0,0
MED23,1,0,0,0,0,0
MED25,1,0,0,1,0,0
MEDAG,1,0,0,0,0,0
MEF2A,1,0,0,0,0,0
MEGF6,1,0,0,0,0,0
MELTF,1,0,0,0,0,0
METRN,1,0,0,1,0,0
METTL26,1,0,0,0,0,0
METTL7A,1,0,0,1,1,0
MFAP2,1,0,0,0,0,0
MFAP4,1,0,0,0,0,0
MFAP5,1,0,0,0,0,0
MFSD10,1,0,0,0,0,0
MFSD12,1,0,0,0,0,0
MFSD3,1,0,0,1,0,0
MGME1,1,0,0,0,0,0
MICAL1,1,0,0,0,0,0
MICAL2,1,0,0,1,0,0
MIER2,1,0,0,0,0,0
MIF,1,0,0,0,0,0
MINDY4,1,0,1,0,0,0
MIOS,1,0,0,0,0,0
MIPEP,1,0,0,1,0,0
MKL1,1,0,0,0,0,0
MKL2,1,0,0,0,0,0
MLF2,1,0,0,0,0,0
MLLT1,1,0,0,0,0,0
MMAA,1,0,0,0,0,0
MMP15,1,0,0,0,0,0
MMP2,1,0,0,0,0,0
MMP25,1,0,0,0,0,0
MPDZ,1,0,0,0,0,0
MPHOSPH10,1,0,0,0,0,0
MPHOSPH9,1,0,0,0,0,0
MPV17,1,0,0,0,0,0
MRC2,1,0,0,0,0,0
MRGPRF,1,0,0,0,0,0
MRPL30,1,0,0,0,0,0
MRPL34,1,0,0,0,0,0
MRPL35,1,0,0,1,0,0
MRPL48,1,0,0,0,0,0
MRPL53,1,0,0,0,0,0
MRPL54,1,0,0,0,0,0
MRPL55,1,0,0,0,0,0
MRPS16,1,0,0,1,0,0
MRPS26,1,0,0,0,0,0
MRPS34,1,0,0,1,0,0
MRPS6,1,0,0,1,0,0
MRS2,1,0,0,1,0,0
MT-CO1,1,0,0,1,0,1
MT-CO2,1,0,0,1,0,1
MT-CYB,1,0,0,1,0,1
MT-ND4L,1,0,0,1,0,0
MT-ND5,1,0,0,1,0,0
MT1M,1,1,0,0,0,0
MTAP,1,0,0,0,0,0
MTFR1L,1,0,0,0,0,0
MTMR1,1,0,0,0,0,0
MTO1,1,0,0,0,0,0
MTPAP,1,1,0,0,0,0
MTX3,1,0,0,0,0,0
MUC3A,1,0,0,0,0,0
MUM1,1,0,0,0,0,0
MVB12B,1,1,0,0,0,0
MVD,1,0,0,1,0,0
MXD4,1,0,0,1,0,0
MYADML2,1,0,0,0,0,0
MYBPC2,1,1,1,1,0,0
MYDGF,1,0,0,0,0,0
MYL1,1,0,0,0,0,0
MYL6,1,0,0,0,0,0
MYL9,1,0,0,0,0,0
MYLPF,1,0,1,0,0,0
MYO18B,1,0,0,0,0,0
MYO19,1,0,0,1,0,0
MYO1G,1,0,0,0,0,0
MYO5C,1,0,0,1,0,1
MYO9A,1,0,0,1,0,0
MYORG,1,0,0,1,0,0
MYOZ1,1,0,0,0,0,0
MYSM1,1,0,0,0,0,0
MZF1,1,0,0,1,0,1
MZT2A,1,0,0,0,0,0
MZT2B,1,0,0,0,0,0
NAA10,1,0,0,0,0,0
NAA35,1,0,0,0,0,0
NAA38,1,0,0,0,0,0
NAA60,1,0,0,0,0,0
NAF1,1,1,0,0,0,0
NAGA,1,1,0,0,0,0
NAMPT,1,1,0,0,0,0
NARS,1,0,0,0,0,0
NAV2,1,0,0,1,0,0
NCALD,1,0,0,0,0,0
NCBP3,1,0,0,0,0,0
NCK2,1,0,0,1,0,0
NCKAP5L,1,0,0,0,0,0
NCLN,1,0,0,0,0,0
NCOA2,1,0,0,0,0,0
NCOA4,1,0,0,1,0,0
NCR3LG1,1,0,0,0,0,0
NDN,1,0,0,0,0,0
NDUFA9,1,0,0,1,0,0
NDUFAF3,1,0,0,0,0,0
NDUFAF7,1,0,0,1,0,0
NDUFB11,1,0,0,0,0,0
NDUFS1,1,0,0,1,0,1
NDUFS7,1,0,0,0,0,0
NEDD1,1,0,0,0,0,0
NELFB,1,0,0,0,0,0
NENF,1,0,0,0,0,0
NEPRO,1,0,0,0,0,0
NFATC2,1,0,0,0,0,0
NFIC,1,0,0,1,0,1
NFKBIB,1,0,0,0,0,0
NINL,1,1,0,0,0,0
NIPAL3,1,0,0,1,0,0
NKAIN1,1,0,0,0,0,0
NKD1,1,0,0,0,0,0
NMB,1,1,0,0,0,0
NMD3,1,0,0,0,0,0
NME3,1,0,0,1,0,0
NMNAT3,1,0,0,0,0,0
NMRK1,1,0,0,0,0,0
NNT,1,0,0,1,0,0
NOC2L,1,0,0,0,0,0
NOC4L,1,0,0,1,0,0
NOCT,1,0,0,0,0,0
NOD1,1,0,0,1,0,1
NOL3,1,0,0,0,0,0
NOP53,1,0,0,1,0,0
NOV,1,1,0,0,0,0
NOXA1,1,0,0,1,0,0
NPAS2,1,0,0,0,0,0
NPDC1,1,0,0,0,0,0
NPNT,1,0,0,0,0,0
NR1H2,1,0,0,1,0,0
NR2F6,1,0,0,1,0,0
NRG2,1,0,0,0,0,0
NRGN,1,0,0,0,0,0
NRIP1,1,1,0,0,0,0
NRSN2,1,0,0,0,0,0
NT5C,1,0,0,0,0,0
NT5C3A,1,0,0,0,0,0
NTHL1,1,0,0,0,0,0
NTM,1,0,0,0,0,0
NTRK2,1,0,0,0,0,0
NUBP1,1,0,0,0,0,0
NUBP2,1,0,0,1,0,0
NUBPL,1,0,0,0,0,1
NUDC,1,0,0,0,0,0
NUDT19,1,1,0,0,0,0
NUTF2,1,0,0,0,0,0
NXPE3,1,0,0,0,0,0
OAS3,1,0,0,1,0,1
OBSL1,1,0,0,1,0,1
ODF3L2,1,0,0,1,0,1
OGFOD3,1,0,0,0,0,0
OGFR,1,0,0,0,0,0
OLFM1,1,0,0,0,0,0
OPA1,1,0,0,1,0,0
ORC2,1,0,0,0,0,0
ORMDL2,1,0,0,0,0,0
OSBPL5,1,1,0,0,0,0
OTUD3,1,0,0,0,0,0
OTUD5,1,0,0,1,0,1
OTULIN,1,0,0,0,0,0
OXLD1,1,0,0,0,0,0
OXSM,1,0,0,0,0,0
P2RY2,1,0,0,0,0,0
P2RY6,1,0,0,0,0,0
P3H3,1,0,0,0,0,0
P3H4,1,0,0,1,1,0
P4HA1,1,0,0,1,0,0
P4HB,1,0,0,0,0,0
PACSIN3,1,0,0,0,0,0
PAF1,1,0,0,0,0,0
PAGR1,1,0,0,0,0,0
PAK4,1,0,0,0,0,0
PALM,1,0,0,0,0,0
PALMD,1,0,0,0,0,0
PAM16,1,0,0,0,0,0
PAPD4,1,0,0,0,0,0
PAPOLG,1,0,0,0,0,0
PAQR3,1,0,0,0,0,0
PARP14,1,0,0,1,0,1
PARP9,1,0,0,0,0,0
PAX1,1,0,0,0,0,0
PAXX,1,0,0,0,0,0
PBXIP1,1,0,0,1,0,0
PCCB,1,0,0,1,0,0
PCF11,1,0,0,0,0,0
PCNX1,1,0,0,0,0,0
PCOLCE,1,0,0,0,0,0
PCOLCE2,1,0,0,0,0,0
PDAP1,1,0,0,1,0,0
PDE1C,1,0,0,1,0,0
PDE7B,1,0,0,0,0,0
PDGFD,1,1,0,0,0,0
PDHA1,1,0,0,1,0,0
PDHB,1,0,0,1,0,0
PDK1,1,0,0,0,0,0
PDLIM1,1,0,0,0,0,0
PDLIM3,1,0,0,1,0,0
PDLIM7,1,0,0,1,0,1
PDP2,1,0,0,0,0,0
PDPN,1,0,0,0,0,0
PDSS2,1,0,0,0,0,0
PDZD2,1,0,0,0,0,0
PELI3,1,0,0,0,0,0
PEMT,1,0,0,1,0,0
PEPD,1,0,0,0,0,0
PEX1,1,0,0,0,0,0
PEX11G,1,0,0,0,0,0
PEX13,1,0,0,0,0,0
PFKFB2,1,0,0,1,0,0
PFKFB4,1,0,0,0,0,0
PFN1,1,0,0,0,0,0
PGAM1,1,1,0,0,0,0
PGAM2,1,0,0,0,0,0
PGAM5,1,0,0,0,0,0
PGBD1,1,0,0,0,0,0
PGM5,1,0,0,0,0,0
PGPEP1,1,0,0,0,0,0
PGR,1,0,0,0,0,0
PHB2,1,0,0,0,0,0
PHF7,1,0,0,0,0,0
PHGDH,1,0,0,0,0,0
PHRF1,1,0,0,0,0,0
PIAS2,1,0,0,0,0,0
PIGT,1,0,0,0,0,0
PIH1D1,1,0,0,0,0,0
PIN1,1,0,0,1,0,0
PIP5K1A,1,0,0,0,0,0
PITPNM1,1,0,0,1,0,0
PITX2,1,1,0,0,0,0
PKD1,1,0,0,1,0,1
PKP2,1,1,0,0,0,0
PLA2G12A,1,0,0,0,0,0
PLA2G16,1,0,0,0,0,0
PLA2G2A,1,1,0,1,0,1
PLA2G4A,1,0,0,0,0,0
PLA2G4F,1,0,0,0,0,0
PLAC9,1,0,0,0,0,0
PLB1,1,0,0,0,0,0
PLBD2,1,0,0,0,0,0
PLCB4,1,0,0,1,0,0
PLD3,1,0,0,0,0,0
PLEKHF1,1,0,0,0,0,0
PLIN4,1,0,0,0,0,0
PLP2,1,0,0,1,0,0
PLPP1,1,0,0,0,0,0
PLXNA1,1,1,0,0,0,0
PLXNA3,1,1,0,0,0,0
PLXNB2,1,0,0,0,0,0
PMEPA1,1,0,0,0,0,0
PMP22,1,0,0,0,0,0
PNMT,1,0,0,1,0,0
PNPLA2,1,0,0,0,0,0
PNPLA3,1,0,0,0,0,0
PODN,1,0,0,0,0,0
PODXL2,1,0,0,0,0,0
POLD1,1,0,0,0,0,0
POLDIP3,1,0,0,0,0,0
POLE4,1,0,0,0,0,0
POLR1B,1,0,0,0,0,0
POLR2E,1,0,0,1,0,0
POLR2I,1,0,0,0,0,0
POLR2J,1,0,0,0,0,0
POLR2L,1,0,0,0,0,0
POLRMT,1,0,0,0,0,0
POMK,1,0,0,0,0,0
POP5,1,0,0,0,0,0
POP7,1,0,0,1,0,0
PPARA,1,0,0,1,0,0
PPIB,1,0,0,0,0,0
PPIP5K1,1,0,0,0,0,0
PPP1CA,1,0,0,0,0,0
PPP1R12C,1,0,0,0,0,0
PPP1R14A,1,0,0,0,0,0
PPP1R14C,1,0,0,1,0,0
PPP1R15A,1,0,0,0,0,0
PPP1R16A,1,0,0,0,0,0
PPP1R1A,1,0,0,0,0,0
PPP1R27,1,0,0,0,0,0
PPP1R37,1,0,0,0,0,0
PPP1R3B,1,1,0,0,0,0
PPP1R3D,1,0,0,1,0,1
PPP3CB,1,0,0,1,0,0
PPP3CC,1,0,0,0,0,0
PPP4C,1,0,0,0,0,0
PQLC3,1,0,0,0,0,0
PRAF2,1,0,0,0,0,0
PRDX3,1,0,0,0,0,0
PRELID1,1,1,0,0,0,0
PREPL,1,0,0,0,0,0
PREX1,1,0,0,1,0,0
PRICKLE1,1,0,0,0,0,0
PRKAA1,1,0,0,0,0,0
PRKAB2,1,0,0,0,0,0
PRKCD,1,0,0,0,0,0
PRKCSH,1,0,0,0,0,0
PRMT9,1,0,0,0,0,0
PROB1,1,0,0,1,0,0
PROSER1,1,0,0,0,0,0
PROX2,1,0,0,0,0,0
PRPS1,1,0,0,0,0,0
PRR12,1,0,0,0,0,0
PRRT4,1,0,0,0,0,0
PRRX1,1,0,1,0,0,0
PRSS23,1,1,0,0,0,0
PRSS56,1,0,0,0,0,0
PRTG,1,0,0,0,0,0
PRUNE2,1,0,0,1,1,0
PRX,1,0,0,0,0,0
PSMB10,1,0,0,0,0,0
PSMC3,1,0,0,0,0,0
PSMC3IP,1,0,0,0,0,0
PSME4,1,0,0,1,0,0
PTBP1,1,0,0,0,0,0
PTDSS1,1,0,0,1,0,0
PTGES,1,0,0,0,0,0
PTGFRN,1,0,0,0,0,0
PTGS1,1,1,0,0,0,0
PTMA,1,0,0,0,0,0
PTMS,1,0,0,0,0,0
PTOV1,1,0,0,1,0,0
PTPA,1,0,0,0,0,0
PTPDC1,1,0,0,1,0,0
PTPRD,1,0,0,0,0,0
PTPRU,1,0,0,0,0,0
PUF60,1,0,0,0,0,0
PUSL1,1,0,0,0,0,0
PWWP2B,1,0,0,0,0,0
PXYLP1,1,0,0,1,0,0
PYCR3,1,0,0,0,0,0
PYGB,1,0,0,0,0,0
PYGM,1,0,0,0,0,0
RAB11B,1,0,0,0,0,0
RAB1B,1,0,0,0,0,0
RAB3GAP2,1,0,0,0,0,0
RABAC1,1,0,0,1,0,0
RABL6,1,0,0,1,0,0
RAD17,1,0,0,0,0,0
RAD21,1,0,0,0,0,0
RAD23A,1,0,0,0,0,0
RAF1,1,0,0,0,0,0
RAG1,1,0,0,0,0,0
RAI1,1,0,0,0,0,0
RALGAPA1,1,0,0,0,0,0
RAMP1,1,0,0,0,0,0
RANBP1,1,0,0,1,0,0
RANBP3,1,0,0,0,0,0
RAP2A,1,0,0,0,0,0
RASA3,1,1,0,0,0,0
RAVER2,1,0,0,0,0,0
RBAK,1,0,0,0,0,0
RBCK1,1,0,0,0,0,0
RBM42,1,0,0,0,0,0
RBMS2,1,0,0,1,0,1
RBP1,1,0,0,0,0,0
RBPMS2,1,0,0,0,0,0
RC3H1,1,1,0,0,0,0
RC3H2,1,0,0,0,0,0
RCAN2,1,0,0,0,0,0
RCBTB1,1,0,0,1,0,0
RCN3,1,0,0,0,0,0
RECQL5,1,0,0,1,0,0
RELB,1,0,0,1,0,0
RELL1,1,0,0,1,0,0
RER1,1,0,0,1,0,0
RET,1,0,0,0,0,0
REV1,1,0,0,0,0,0
REX1BD,1,0,0,1,0,0
RFC1,1,1,0,0,0,0
RFNG,1,0,0,1,0,0
RFTN1,1,0,0,1,0,1
RFWD3,1,0,0,0,0,0
RFX1,1,1,0,0,0,0
RFX2,1,0,0,0,0,0
RGS5,1,0,0,1,0,0
RHEB,1,0,0,0,0,0
RHOD,1,0,0,1,0,0
RHOG,1,1,0,0,0,0
RICTOR,1,0,0,0,0,0
RIF1,1,0,0,0,0,0
RIMKLA,1,0,0,0,0,0
RIPOR2,1,0,0,0,0,0
RIPOR3,1,0,0,1,0,0
RNASEK,1,0,0,0,0,0
RNF103,1,0,0,0,0,0
RNF126,1,0,0,1,0,0
RNF14,1,0,0,0,0,0
RNF146,1,0,0,0,0,0
RNF166,1,0,0,0,0,0
RNF180,1,0,0,0,0,0
RNF216,1,0,0,0,0,0
RNF220,1,0,0,1,0,1
RNH1,1,0,0,0,0,0
RNPEP,1,0,0,0,0,0
RNPS1,1,0,0,1,0,0
RORC,1,0,0,0,0,0
RPL10,1,0,0,0,0,0
RPL13,1,0,0,1,0,0
RPL13A,1,0,0,0,0,0
RPL18,1,0,0,0,0,0
RPL18A,1,0,0,0,0,0
RPL21,1,0,0,0,0,0
RPL28,1,0,0,0,0,0
RPL29,1,0,0,0,0,0
RPL36,1,0,0,0,0,0
RPL3L,1,0,0,1,0,0
RPL41,1,0,0,0,0,0
RPLP0,1,0,0,0,0,0
RPLP2,1,0,0,0,0,0
RPN1,1,0,0,0,0,0
RPRD1A,1,0,0,0,0,0
RPS15,1,0,0,0,0,0
RPS19,1,0,0,0,0,0
RPS19BP1,1,0,0,0,0,0
RPS2,1,0,0,0,0,0
RPS21,1,0,0,0,0,0
RPS28,1,0,0,0,0,0
RPS6KA4,1,0,0,0,0,0
RPS6KB2,1,0,0,0,0,0
RPS9,1,0,0,0,0,0
RPSA,1,0,0,0,0,0
RRAS,1,1,0,0,0,0
RRBP1,1,0,0,0,0,0
RRP1,1,0,0,1,0,0
RSPRY1,1,0,0,0,0,0
RTCA,1,0,0,0,0,1
RTEL1-TNFRSF6B,1,0,0,1,0,0
RTL8A,1,0,0,0,0,0
RTL8C,1,0,0,0,0,0
RTN2,1,0,0,1,0,0
RTN4RL1,1,0,0,0,0,0
RUFY1,1,0,0,0,0,0
RUVBL2,1,0,0,0,0,0
S100A10,1,0,0,0,0,0
S100A11,1,0,0,0,0,0
S100A4,1,0,0,0,0,0
S100A8,1,0,0,0,0,0
S100A9,1,0,0,0,0,0
S1PR4,1,0,0,0,0,0
SAC3D1,1,0,0,1,0,0
SAFB,1,0,0,0,0,0
SAFB2,1,0,0,0,0,0
SAMHD1,1,0,0,0,0,0
SAP30L,1,0,0,0,0,0
SART1,1,0,0,0,0,0
SASH1,1,0,0,1,0,0
SBNO2,1,0,0,1,0,0
SCAF1,1,0,0,0,0,0
SCAMP3,1,0,0,1,0,0
SCAND1,1,0,0,1,0,0
SCARA5,1,0,0,0,0,0
SCARF2,1,0,0,0,0,0
SCGB1D2,1,0,0,1,0,0
SCGB2B2,1,0,0,0,0,0
SCML2,1,0,0,1,0,0
SCN1A,1,0,0,0,0,0
SCN1B,1,0,0,1,0,0
SCN7A,1,0,0,1,0,0
SCNM1,1,0,0,0,0,0
SCP2,1,0,0,1,0,0
SCRIB,1,0,0,1,0,0
SCX,1,0,0,1,0,0
SCYL2,1,0,0,0,0,0
SDC2,1,0,0,0,0,0
SDHC,1,0,0,1,0,0
SEC31B,1,0,0,0,0,0
SECISBP2L,1,0,0,0,0,0
SELENOH,1,0,0,1,0,0
SELENOM,1,0,0,0,0,0
SELENOO,1,0,0,1,0,0
SELENOP,1,0,0,0,0,0
SELENOW,1,0,0,0,0,0
SELL,1,1,0,1,0,0
SEMA3B,1,0,0,0,0,0
SEMA3F,1,1,0,0,0,0
SEMA6A,1,0,0,0,0,0
SEMA6C,1,0,0,0,0,0
SEPSECS,1,0,0,0,0,0
SERF1A,1,1,0,0,0,0
SERINC3,1,0,0,0,0,0
SERPINE1,1,0,0,0,0,0
SERPINH1,1,1,0,0,0,0
SF3A2,1,0,0,0,0,0
SF3A3,1,0,0,1,0,0
SFRP2,1,0,0,0,0,0
SFT2D2,1,0,0,0,0,0
SH2B2,1,0,0,0,0,0
SH2B3,1,0,0,1,0,1
SH3BGRL2,1,0,0,1,0,0
SH3BGRL3,1,0,0,0,0,0
SH3D19,1,0,0,1,0,0
SH3GL1,1,0,0,0,0,0
SH3GLB2,1,0,0,0,0,0
SH3KBP1,1,0,0,1,0,0
SH3PXD2A,1,0,0,1,0,0
SH3RF2,1,1,0,1,0,0
SIKE1,1,0,0,0,0,0
SIL1,1,0,0,0,0,0
SIRPA,1,0,0,1,0,0
SIRT5,1,0,0,1,0,0
SIVA1,1,0,0,0,0,0
SIX2,1,1,1,0,0,0
SKI,1,0,0,0,0,0
SLC12A6,1,0,0,0,0,0
SLC13A3,1,0,0,0,0,0
SLC14A1,1,0,0,0,0,0
SLC16A12,1,0,0,1,0,0
SLC16A2,1,0,0,0,0,0
SLC22A5,1,1,1,1,0,0
SLC23A2,1,0,0,0,0,0
SLC25A15,1,0,0,1,0,0
SLC25A36,1,0,0,0,0,0
SLC25A37,1,0,0,0,0,0
SLC25A40,1,0,0,0,0,0
SLC25A51,1,0,0,0,0,0
SLC25A6,1,0,0,0,0,0
SLC26A1,1,0,0,0,0,0
SLC26A2,1,0,0,0,0,0
SLC26A9,1,0,0,1,0,1
SLC29A2,1,0,0,0,0,0
SLC29A4,1,1,0,0,0,0
SLC2A4RG,1,0,0,1,0,0
SLC35E3,1,0,0,0,0,0
SLC35F1,1,0,0,1,0,0
SLC35F5,1,0,0,0,0,0
SLC35G1,1,0,0,0,0,0
SLC38A10,1,0,0,0,0,0
SLC38A11,1,0,0,0,0,0
SLC38A4,1,0,0,1,0,0
SLC39A3,1,0,0,0,0,0
SLC41A1,1,0,0,1,0,1
SLC47A1,1,0,1,0,0,0
SLC49A3,1,0,0,0,0,0
SLC4A2,1,0,0,0,0,0
SLC4A7,1,0,0,0,0,0
SLC5A1,1,0,0,1,0,0
SLC6A20,1,0,0,0,0,0
SLC6A9,1,0,0,0,0,0
SLC8A3,1,0,0,0,0,0
SLCO3A1,1,0,0,1,0,0
SLIT2,1,0,0,0,0,0
SLK,1,0,0,0,0,0
SMAD1,1,0,0,1,0,0
SMARCA4,1,0,0,0,0,0
SMC2,1,0,0,0,0,0
SMDT1,1,0,0,0,0,0
SMOC1,1,0,0,1,0,0
SMPD2,1,0,0,0,0,0
SMTNL2,1,0,0,0,0,1
SNAPC2,1,0,0,0,0,0
SNAPC4,1,0,0,1,0,1
SNCG,1,0,0,0,0,0
SNN,1,0,0,0,0,0
SNRK,1,0,0,1,0,0
SNRNP70,1,0,0,1,0,0
SNRPA,1,0,0,1,0,0
SNTA1,1,0,0,0,0,0
SOD2,1,1,0,0,0,0
SOD3,1,0,0,0,0,0
SORBS3,1,0,0,0,0,0
SORL1,1,0,0,0,0,0
SOS1,1,0,0,0,0,0
SP110,1,0,0,0,0,0
SP2,1,0,0,0,0,0
SPAG16,1,0,0,1,0,0
SPATA13,1,0,0,1,0,1
SPDYE3,1,0,0,0,0,0
SPEG,1,0,0,0,0,0
SPIDR,1,0,0,0,0,0
SPNS1,1,0,0,1,0,0
SPOCK1,1,0,0,1,0,0
SPON2,1,0,0,1,0,0
SPPL2B,1,0,0,1,0,0
SPRTN,1,0,0,0,0,0
SPRYD4,1,0,0,0,0,0
SPTB,1,1,0,0,0,0
SRFBP1,1,0,0,0,0,0
SRGAP2,1,0,0,0,0,0
SRPK1,1,0,0,1,0,0
SRPK2,1,0,0,1,0,0
SRPX,1,0,0,0,0,0
SRPX2,1,0,0,0,0,0
SRRT,1,0,0,0,0,0
SS18L1,1,0,0,0,0,0
SSBP4,1,0,0,0,0,0
SSFA2,1,0,0,0,0,0
SSH2,1,0,0,0,0,0
SSNA1,1,0,0,0,0,0
SSR2,1,0,0,0,0,0
ST3GAL2,1,0,0,1,0,0
ST5,1,0,0,0,0,0
STARD3,1,0,0,0,0,0
STAT1,1,1,0,0,0,0
STAU2,1,0,0,1,0,0
STIM1,1,0,0,1,0,0
STIM2,1,0,0,1,0,0
STIP1,1,0,0,0,0,0
STK11,1,0,0,1,0,0
STK33,1,0,0,0,0,0
STON2,1,0,0,1,0,0
STRC,1,0,0,0,0,0
STRIP2,1,0,1,0,0,0
STUB1,1,0,0,1,0,0
STX10,1,0,0,0,0,0
STX11,1,0,0,0,0,0
SUCO,1,0,0,0,0,0
SUGP2,1,0,0,0,0,0
SUMF2,1,0,0,1,0,0
SUPT16H,1,0,0,0,0,0
SUPV3L1,1,1,0,0,0,0
SURF4,1,0,0,0,0,0
SVBP,1,0,0,0,0,0
SWT1,1,0,0,0,0,0
SYNC,1,0,0,0,0,0
SYNJ2BP,1,0,0,1,0,0
SYNPO2L,1,0,0,0,0,0
SZRD1,1,0,0,1,0,0
TAGLN,1,0,0,0,0,0
TAGLN2,1,1,0,0,0,0
TAL2,1,0,0,1,0,0
TAPBPL,1,0,0,0,0,0
TATDN3,1,0,0,1,0,0
TBC1D10B,1,0,0,0,0,0
TBC1D17,1,0,0,1,0,0
TBC1D3B,1,0,0,0,0,0
TBC1D8,1,0,0,1,0,0
TBCEL,1,1,0,0,0,0
TBX1,1,0,0,0,0,0
TCEA3,1,0,0,0,0,0
TCF25,1,0,0,0,0,0
TCIRG1,1,0,0,0,0,0
TCOF1,1,0,0,0,0,0
TDRD1,1,0,0,0,0,0
TDRD3,1,0,0,0,0,0
TECRL,1,0,0,0,0,0
TEDC1,1,0,0,0,0,0
TELO2,1,0,0,1,0,0
TEPSIN,1,0,0,0,0,0
TESK1,1,0,0,0,0,0
TET2,1,0,0,0,0,0
TFDP2,1,0,0,0,0,0
TFE3,1,0,0,0,0,0
TFPI,1,0,0,0,0,0
TGFB1,1,0,0,0,0,0
THAP3,1,0,0,0,0,0
THAP7,1,0,0,1,0,0
THAP8,1,0,0,0,0,0
THBS3,1,0,0,0,0,0
THOP1,1,0,0,1,0,0
THSD4,1,0,0,0,0,0
THUMPD1,1,0,0,0,0,0
THY1,1,0,0,0,0,0
TIMM8A,1,0,0,1,0,0
TIMP1,1,0,0,0,0,0
TJP1,1,0,0,1,0,1
TLE2,1,0,0,0,0,0
TMA16,1,1,0,0,0,0
TMA7,1,0,0,0,0,0
TMBIM1,1,0,0,0,0,0
TMBIM6,1,0,0,1,0,0
TMCO4,1,0,0,1,0,0
TMED3,1,0,0,0,0,0
TMED9,1,0,0,0,0,0
TMEM109,1,0,0,0,0,0
TMEM11,1,0,0,0,0,0
TMEM121B,1,0,0,0,0,0
TMEM131,1,0,0,0,0,0
TMEM147,1,0,0,0,0,0
TMEM158,1,0,0,1,0,0
TMEM160,1,0,0,0,0,0
TMEM175,1,0,0,1,0,0
TMEM176A,1,0,0,0,0,0
TMEM176B,1,0,0,0,0,0
TMEM192,1,0,0,0,0,0
TMEM205,1,0,0,1,0,0
TMEM222,1,0,0,0,0,0
TMEM223,1,0,0,0,0,0
TMEM234,1,0,0,0,0,0
TMEM245,1,0,0,0,0,0
TMEM250,1,0,0,0,0,0
TMEM259,1,0,0,1,0,0
TMEM266,1,0,0,1,0,0
TMEM43,1,0,0,0,0,0
TMEM52,1,0,0,0,0,0
TMEM54,1,1,0,0,0,0
TMEM64,1,0,0,0,0,0
TMEM86A,1,0,0,1,0,0
TMEM91,1,0,0,0,0,0
TMEM97,1,0,0,0,0,0
TMEM98,1,0,0,0,0,0
TMLHE,1,0,0,0,0,0
TMSB10,1,0,0,0,0,0
TMUB1,1,0,0,1,0,0
TMX3,1,0,0,0,0,0
TNC,1,0,0,0,0,0
TNFAIP6,1,0,0,0,0,0
TNFSF10,1,0,0,1,0,1
TNIK,1,0,0,0,0,0
TNK2,1,0,0,1,0,1
TNKS2,1,1,0,0,0,0
TNNC2,1,0,0,1,0,0
TNNI2,1,0,0,0,0,0
TNNT3,1,0,0,0,0,0
TNRC18,1,0,0,1,0,0
TNRC6A,1,0,0,0,0,0
TNXB,1,0,0,0,0,0
TOGARAM2,1,0,0,0,0,0
TOMM7,1,0,0,0,0,0
TOPBP1,1,0,0,0,0,0
TP53I13,1,0,0,0,0,0
TPD52L1,1,0,0,1,0,0
TPGS1,1,0,0,0,0,0
TPM1,1,0,0,0,0,0
TPM2,1,0,0,0,0,0
TPM3,1,0,0,1,0,0
TPPP,1,1,0,0,0,0
TPPP3,1,0,0,0,0,0
TRABD,1,0,0,0,0,0
TRAPPC5,1,0,0,0,0,0
TRAPPC9,1,0,0,0,0,0
TRIB1,1,0,0,1,0,0
TRIL,1,0,0,0,0,0
TRIM16,1,0,1,1,0,0
TRIM16L,1,0,0,1,0,0
TRIM44,1,0,0,0,0,0
TRIM52,1,0,0,0,0,0
TRIM69,1,0,0,1,0,0
TRIP6,1,0,0,0,0,0
TRIR,1,0,0,1,0,0
TRIT1,1,0,0,0,0,0
TRMT112,1,0,0,0,0,0
TRPC4AP,1,0,0,1,0,0
TSC22D4,1,0,0,0,0,0
TSFM,1,0,0,0,0,0
TSHR,1,0,0,0,0,0
TSPAN4,1,0,0,0,0,0
TSPO,1,0,0,0,0,0
TSPYL1,1,0,0,1,0,0
TSR3,1,0,0,1,0,0
TSSC4,1,0,0,0,0,0
TSTA3,1,0,0,0,0,0
TTC39A,1,0,0,1,0,0
TTC7A,1,0,0,0,0,0
TTC9,1,0,0,0,0,0
TTL,1,1,0,0,0,0
TTLL11,1,0,0,0,0,0
TTLL3,1,0,0,0,0,0
TUBA1A,1,0,0,0,0,0
TUBA4A,1,0,0,0,0,0
TUBB,1,0,0,0,0,0
TUBB2A,1,1,0,0,0,0
TUBB4B,1,1,0,0,0,0
TUBB6,1,0,0,0,0,0
TUSC1,1,0,0,0,0,0
TUSC2,1,0,0,1,0,0
TXNIP,1,0,0,0,0,0
TXNL4A,1,0,0,0,0,0
TXNRD1,1,0,0,0,0,0
TYRP1,1,0,0,1,0,0
U2AF2,1,0,0,0,0,0
UBAC2,1,0,0,0,0,0
UBE2I,1,0,0,1,0,0
UBE2J2,1,0,0,0,0,0
UBE2V1,1,0,0,0,0,0
UBP1,1,0,0,0,0,0
UBR2,1,0,0,0,0,0
UBR7,1,0,0,0,0,0
UBTD1,1,0,0,1,1,0
UBXN1,1,0,0,1,0,0
UBXN4,1,0,0,0,0,0
UCHL3,1,0,0,1,0,0
UEVLD,1,0,0,0,0,0
UNC45A,1,0,0,0,0,0
UQCC3,1,0,0,0,0,0
UQCRC2,1,0,0,1,0,0
USF2,1,0,0,0,0,0
USP21,1,0,0,0,0,0
USP31,1,1,0,0,0,0
USP46,1,0,0,0,0,0
UTP15,1,1,0,0,0,0
UTP18,1,0,0,0,0,0
UVSSA,1,0,0,0,0,0
VAMP2,1,0,0,0,0,0
VANGL2,1,0,0,0,0,0
VASN,1,0,0,0,0,0
VASP,1,0,0,0,0,0
VAT1,1,0,0,0,0,0
VDAC1,1,0,0,0,0,0
VDR,1,1,0,0,0,0
VEGFA,1,0,0,1,0,0
VIM,1,0,0,0,0,0
VSIG10,1,0,0,0,0,0
VWA8,1,0,0,0,0,0
WDR13,1,0,0,0,0,0
WDR26,1,0,0,0,0,0
WDR37,1,0,0,1,0,0
WDR83OS,1,0,0,0,0,0
WEE1,1,0,0,0,0,0
WFS1,1,0,0,0,0,0
WRN,1,0,0,0,0,0
WSB2,1,0,0,1,0,0
XAF1,1,0,0,1,0,1
XIRP1,1,0,0,0,0,0
XPR1,1,0,0,0,0,0
XRN1,1,0,0,0,0,0
XXYLT1,1,0,0,0,0,0
XYLT1,1,1,0,0,0,0
YBX2,1,0,0,1,0,0
YDJC,1,0,0,0,0,0
YIF1A,1,0,0,0,0,0
YIF1B,1,0,0,0,0,0
ZBTB24,1,0,0,0,0,0
ZBTB4,1,1,0,0,0,0
ZBTB43,1,1,0,0,0,0
ZBTB45,1,0,0,1,0,0
ZBTB5,1,0,0,0,0,0
ZC2HC1C,1,0,0,0,0,0
ZC3H12C,1,0,0,0,0,0
ZC3H18,1,0,0,0,0,0
ZC3H3,1,0,0,1,0,1
ZDHHC11,1,1,0,0,0,0
ZDHHC11B,1,1,0,0,0,0
ZDHHC24,1,0,0,0,0,0
ZDHHC8,1,0,0,1,0,0
ZFAND2B,1,0,0,0,0,0
ZFP28,1,0,0,0,0,0
ZFP30,1,0,0,0,0,0
ZFP91,1,0,0,0,0,0
ZFYVE16,1,0,0,0,0,0
ZIC1,1,0,0,0,0,0
ZIK1,1,0,0,0,0,0
ZKSCAN2,1,0,0,0,0,0
ZKSCAN7,1,0,0,0,0,0
ZKSCAN8,1,0,0,0,0,0
ZMAT3,1,1,0,0,0,0
ZMAT5,1,0,0,0,0,0
ZMYND19,1,1,0,0,0,0
ZNF10,1,0,0,0,0,0
ZNF12,1,0,0,0,0,0
ZNF134,1,0,0,0,0,0
ZNF141,1,0,0,1,0,0
ZNF154,1,0,0,0,0,0
ZNF181,1,0,0,1,0,0
ZNF184,1,0,0,0,0,0
ZNF189,1,0,0,0,0,0
ZNF200,1,0,0,0,0,0
ZNF207,1,0,0,0,0,0
ZNF219,1,0,0,1,0,0
ZNF224,1,0,0,0,0,0
ZNF225,1,0,0,0,0,0
ZNF23,1,0,0,0,0,0
ZNF233,1,0,0,0,0,0
ZNF234,1,0,0,1,0,0
ZNF235,1,0,0,0,0,0
ZNF254,1,0,0,1,0,0
ZNF264,1,0,0,0,0,0
ZNF268,1,0,1,0,0,0
ZNF273,1,0,0,1,0,1
ZNF281,1,0,0,0,0,0
ZNF283,1,0,0,1,0,0
ZNF285,1,0,0,0,0,0
ZNF286B,1,0,0,0,0,0
ZNF316,1,0,0,1,0,0
ZNF322,1,0,0,0,0,0
ZNF329,1,0,0,0,0,0
ZNF333,1,0,0,0,0,0
ZNF33A,1,0,0,0,0,0
ZNF354A,1,0,0,0,0,0
ZNF382,1,0,0,0,0,0
ZNF383,1,0,0,0,0,0
ZNF414,1,0,0,1,0,0
ZNF420,1,0,0,0,0,0
ZNF426,1,0,0,1,0,0
ZNF428,1,0,0,0,0,0
ZNF43,1,0,0,0,0,0
ZNF440,1,0,0,0,0,0
ZNF444,1,0,0,1,0,0
ZNF45,1,0,0,0,0,0
ZNF451,1,0,0,0,0,0
ZNF467,1,0,0,0,0,0
ZNF480,1,0,0,0,0,0
ZNF507,1,1,0,0,0,0
ZNF512,1,0,0,1,0,0
ZNF518B,1,0,0,0,0,0
ZNF524,1,0,0,1,0,0
ZNF529,1,0,0,0,0,0
ZNF548,1,0,0,0,0,0
ZNF549,1,0,0,0,0,0
ZNF550,1,0,0,1,0,0
ZNF554,1,0,0,0,0,0
ZNF555,1,0,0,0,0,0
ZNF558,1,0,0,0,0,0
ZNF579,1,0,0,0,0,0
ZNF580,1,0,0,0,0,0
ZNF582,1,0,0,0,0,0
ZNF585B,1,0,0,0,0,0
ZNF593,1,0,0,0,0,0
ZNF598,1,0,0,0,0,0
ZNF614,1,0,0,0,0,0
ZNF615,1,0,0,0,0,0
ZNF641,1,0,0,0,0,0
ZNF655,1,0,0,0,0,0
ZNF665,1,0,0,0,0,0
ZNF674,1,1,0,0,0,0
ZNF677,1,0,0,0,0,0
ZNF688,1,0,0,0,0,0
ZNF701,1,0,0,1,0,0
ZNF704,1,0,0,0,0,0
ZNF717,1,0,0,0,0,0
ZNF737,1,0,0,0,0,0
ZNF750,1,0,0,0,0,0
ZNF761,1,0,0,0,0,0
ZNF770,1,0,0,0,0,0
ZNF771,1,0,0,0,0,0
ZNF772,1,0,0,0,0,0
ZNF775,1,0,0,0,0,0
ZNF776,1,0,0,0,0,0
ZNF778,1,0,0,0,0,0
ZNF783,1,0,0,1,0,0
ZNF787,1,0,0,1,0,0
ZNF790,1,0,0,0,0,0
ZNF791,1,0,0,0,0,0
ZNF8,1,0,0,0,0,0
ZNF805,1,0,0,0,0,0
ZNF808,1,0,0,0,0,0
ZNF84,1,0,0,0,0,0
ZNF865,1,0,0,1,0,0
ZNF92,1,0,0,0,0,0
ZNHIT2,1,0,0,1,0,0
ZNRF1,1,0,0,1,0,0
ZSCAN29,1,0,0,0,0,0
ZSCAN30,1,0,0,0,0,0
ZSCAN9,1,0,0,0,0,0
A2M,0,1,0,1,0,1
AAK1,0,0,0,1,0,0
AARD,0,0,1,0,0,0
ABCA7,0,0,0,0,0,1
ABCB9,0,0,0,1,0,0
ABI2,0,0,0,1,0,0
ABR,0,1,0,0,0,0
ABT1,0,0,0,1,0,0
AC005726.1,0,0,0,1,0,0
AC006254.1,0,0,0,0,0,1
AC011448.1,0,0,0,1,0,0
AC074143.1,0,0,0,1,0,0
AC090360.1,0,0,1,0,0,0
ACAD10,0,0,0,1,0,0
ACE,0,0,0,1,0,0
ACO2,0,0,0,1,0,0
ACOT1,0,0,0,1,0,0
ACSS1,0,1,0,0,0,0
ACTG1,0,1,0,0,0,0
ACTN4,0,1,0,0,0,0
ACTR8,0,0,0,1,0,0
ADAL,0,0,0,1,0,0
ADAM23,0,0,0,1,0,0
ADAMTS13,0,1,0,0,0,0
ADAMTS17,0,0,0,1,0,0
ADAMTSL3,0,1,0,1,0,0
ADAR,0,0,0,1,0,0
ADCY3,0,0,0,1,0,1
ADGRG1,0,0,0,1,0,0
ADGRG2,0,1,0,0,0,0
ADK,0,0,1,0,0,0
AFAP1L2,0,0,0,1,0,0
AFG1L,0,0,0,1,0,0
AFMID,0,0,0,1,0,0
AGAP3,0,1,0,0,0,0
AHR,0,0,0,0,0,1
AIMP1,0,1,0,0,0,0
AIMP2,0,1,1,0,0,0
AK4,0,1,0,0,0,0
AKAP2,0,0,0,1,0,0
AKIP1,0,0,0,1,0,0
AKIRIN2,0,0,0,1,0,0
AKT1,0,1,0,0,0,0
AL591806.3,0,0,0,1,0,0
ALDH2,0,1,0,0,0,0
ALDH3B1,0,1,0,0,0,0
ALDH8A1,0,0,0,1,0,0
ALKBH5,0,0,0,1,0,0
ALX4,0,1,1,0,0,0
AMDHD2,0,0,0,0,0,1
AMN1,0,1,0,0,0,0
AMY2B,0,1,0,1,0,0
ANKRD29,0,0,0,0,0,1
ANKRD39,0,0,0,1,0,1
ANKS3,0,0,0,1,0,0
ANXA4,0,0,0,1,0,0
AOC3,0,1,0,0,0,0
AOX1,0,1,1,0,0,0
AP002990.1,0,0,1,0,0,0
AP4E1,0,1,0,0,0,0
APIP,0,1,1,0,0,0
APOB,0,0,0,1,0,0
APP,0,0,0,1,0,0
AQP1,0,0,0,1,0,0
ARAP3,0,0,0,1,0,0
ARFGAP1,0,0,0,1,0,0
ARHGAP1,0,0,0,1,0,0
ARHGAP23,0,1,0,0,0,0
ARHGAP31,0,0,0,1,0,0
ARHGAP39,0,0,0,1,0,0
ARHGEF15,0,0,0,1,0,0
ARHGEF9,0,0,0,1,0,0
ARL6IP6,0,0,0,1,0,0
ARMC8,0,1,0,0,0,0
ARVCF,0,1,0,0,0,0
ASAP1,0,0,0,1,0,1
ASAP2,0,0,0,1,0,0
ASB4,0,1,0,1,0,0
ASNS,0,0,1,0,0,0
ATG16L2,0,1,0,0,0,0
ATP1A1,0,0,0,1,0,1
ATP2A3,0,0,0,1,0,0
ATP2B4,0,0,0,1,0,0
ATP5F1B,0,0,0,1,0,0
ATP5F1C,0,0,0,1,0,0
ATP5MC3,0,0,0,1,0,0
ATP5PD,0,0,0,1,0,0
ATP8A1,0,0,0,0,0,1
ATRNL1,0,1,0,0,0,0
AUP1,0,0,0,1,0,0
AURKA,0,1,1,0,0,0
AVPR2,0,1,0,0,0,0
B2M,0,0,0,0,0,1
B3GNT2,0,0,0,1,0,0
B3GNT9,0,1,0,0,0,0
BANP,0,0,0,1,0,0
BBS5,0,0,0,1,0,0
BCAR3,0,0,0,1,0,0
BCORL1,0,1,0,0,0,0
BCR,0,1,0,0,0,0
BDH1,0,0,0,1,0,0
BECN1,0,0,1,0,0,0
BICD1,0,0,0,1,0,0
BOLL,0,0,0,1,0,0
BPHL,0,0,0,1,0,0
BRAT1,0,0,0,1,0,0
BRI3BP,0,0,0,1,0,1
BRMS1L,0,0,0,1,0,0
BST2,0,0,0,1,0,1
BTBD11,0,1,0,0,0,0
BTBD2,0,0,0,1,0,0
BTN3A3,0,0,0,0,0,1
BTNL9,0,0,0,1,0,0
BYSL,0,0,0,1,0,0
C10orf128,0,0,0,1,0,1
C12orf49,0,0,0,1,0,0
C14orf39,0,0,0,1,0,0
C15orf39,0,1,0,0,0,0
C15orf40,0,0,0,1,0,0
C16orf70,0,1,0,0,0,0
C16orf89,0,1,0,0,0,0
C19orf38,0,1,0,0,0,0
C1orf115,0,0,0,1,0,1
C1orf52,0,0,0,1,0,0
C2orf74,0,0,0,1,0,0
C6orf120,0,0,0,1,0,0
C9orf40,0,0,0,1,0,0
CAAP1,0,1,0,0,0,0
CAB39,0,0,0,1,0,0
CADM3,0,1,0,0,0,0
CADPS2,0,0,0,1,0,0
CALCB,0,0,0,0,1,0
CALHM2,0,1,0,0,0,0
CALM1,0,0,0,1,0,0
CAMKK1,0,1,0,0,0,0
CAP2,0,0,0,1,0,0
CAPN15,0,0,0,1,0,0
CAPZA2,0,0,0,1,0,0
CARD10,0,0,0,1,0,0
CASP4,0,0,0,1,0,1
CASQ2,0,1,0,1,0,0
CBX2,0,1,0,1,0,0
CC2D2A,0,0,0,1,0,0
CCDC102B,0,1,0,0,0,0
CCDC115,0,0,1,0,0,0
CCDC136,0,0,0,1,0,0
CCDC25,0,1,0,0,0,0
CCDC47,0,0,1,0,0,0
CCDC69,0,1,1,0,0,0
CCDC9B,0,0,0,0,0,1
CCER2,0,0,0,1,0,0
CCND3,0,1,0,1,0,0
CCNY,0,0,0,0,0,1
CD300LG,0,0,0,1,0,0
CD34,0,0,0,0,0,1
CD40,0,0,0,1,0,0
CD44,0,1,0,0,0,0
CDC16,0,0,0,1,0,0
CDC73,0,1,0,0,0,0
CDH20,0,1,0,0,0,0
CDH5,0,0,0,1,0,0
CDK6,0,0,0,1,0,0
CDKN1B,0,0,0,1,0,0
CDKN1C,0,1,1,0,0,0
CDKN2AIPNL,0,0,0,1,0,0
CDS2,0,0,0,1,0,1
CEACAM19,0,0,0,1,0,0
CERS1,0,0,0,1,0,0
CERS2,0,1,0,0,0,0
CERS6,0,0,1,0,0,0
CFAP53,0,0,0,1,0,0
CHD4,0,0,0,1,0,0
CHPT1,0,0,0,0,0,1
CIDEC,0,1,0,0,0,0
CIITA,0,0,0,0,0,1
CKAP4,0,0,0,1,0,0
CKMT2,0,0,0,1,0,0
CLCN1,0,0,0,1,0,0
CLCN3,0,0,1,1,0,0
CLCN7,0,0,0,1,0,0
CLEC14A,0,0,0,1,0,0
CLEC2L,0,0,0,1,0,0
CLN6,0,0,0,1,0,0
CLVS2,0,0,1,0,0,0
COL14A1,0,1,0,0,0,0
COL21A1,0,0,1,0,0,0
COL24A1,0,1,1,0,0,0
COL4A1,0,1,0,0,0,0
COL4A2,0,1,0,0,0,0
COL7A1,0,0,1,1,0,1
COPS8,0,1,0,0,0,0
CORO1B,0,1,0,0,0,0
COX10,0,0,0,1,0,0
COX4I1,0,0,0,1,0,0
CPS1,0,0,0,1,0,0
CPSF1,0,0,0,1,0,0
CRYZ,0,0,0,1,0,0
CSPG4,0,1,0,0,1,0
CSRP3,0,0,0,1,0,0
CSTF1,0,1,0,0,0,0
CTNNBIP1,0,1,1,0,0,0
CTTNBP2NL,0,0,0,1,0,1
CTXN3,0,1,1,0,0,0
CXXC1,0,0,0,1,0,1
CXorf36,0,1,0,0,0,0
CYB561A3,0,1,0,0,0,0
CYP2E1,0,1,0,0,0,0
CYR61,0,0,0,1,0,0
D2HGDH,0,0,0,1,0,0
DAAM2,0,1,0,0,0,0
DAP,0,1,0,1,0,0
DAP3,0,0,0,1,0,0
DARS2,0,0,0,1,0,0
DCLK3,0,0,0,1,0,0
DDAH1,0,0,0,1,0,1
DDR1,0,0,1,0,0,0
DDX3X,0,0,1,0,0,0
DDX3Y,0,1,1,0,0,0
DDX49,0,0,0,1,0,0
DECR2,0,0,0,1,0,0
DENND3,0,0,0,1,0,1
DEPDC7,0,0,1,0,0,0
DGCR2,0,0,0,1,0,0
DGKE,0,0,0,0,0,1
DGLUCY,0,0,0,1,0,0
DLL4,0,0,0,1,0,0
DNAJB9,0,0,0,1,0,0
DNAJC16,0,0,0,1,0,0
DNAJC5,0,1,0,0,0,0
DOC2B,0,0,0,1,0,0
DOCK1,0,0,0,1,0,0
DOCK10,0,0,0,0,0,1
DPP6,0,1,0,0,0,0
DPYSL3,0,1,0,1,0,0
DSCAML1,0,0,0,1,0,0
DUSP1,0,0,0,1,0,0
DUSP27,0,1,0,0,0,0
DUSP5,0,0,0,0,0,1
DYNC1I1,0,0,1,1,0,0
DZIP3,0,0,0,1,0,0
ECEL1,0,0,0,1,0,0
ECI2,0,0,0,1,0,0
ECSIT,0,0,0,1,0,0
EFEMP2,0,1,0,0,0,0
EFNA1,0,0,0,1,0,1
EFR3B,0,1,0,1,0,0
EGF,0,0,0,1,0,0
EGLN3,0,1,0,0,0,0
EHD3,0,0,1,0,0,0
EIF1AX,0,0,1,0,0,0
EIF1AY,0,1,1,0,0,0
EIF2S3,0,1,1,0,0,0
EIF4E2,0,0,0,0,0,1
EIF4EBP3,0,1,0,1,0,0
EIF5A,0,0,0,1,0,0
ELK3,0,0,0,1,0,0
ELMO1,0,0,0,1,0,1
ELMOD1,0,0,1,0,0,0
ELP5,0,0,0,1,0,0
EMC10,0,0,0,1,0,1
EMCN,0,0,0,0,0,1
EN1,0,0,0,1,0,0
ENDOV,0,0,0,1,0,0
ENG,0,1,0,0,0,0
ENPP2,0,1,0,1,0,1
ENTPD4,0,0,1,0,0,0
EPAS1,0,0,0,1,0,0
EPS15,0,0,0,1,0,0
EPSTI1,0,0,0,1,0,1
ERBB3,0,1,0,1,0,0
ERG,0,0,0,1,0,1
ERMP1,0,0,0,1,0,0
ESAM,0,0,0,1,0,0
ETFA,0,0,0,1,0,0
ETFBKMT,0,1,0,0,0,0
ETFDH,0,0,0,1,0,0
ETS1,0,0,0,1,0,1
EYA1,0,1,0,0,0,0
EZR,0,0,1,0,0,0
FADS1,0,1,0,1,0,0
FAM103A1,0,1,0,1,0,0
FAM105A,0,0,0,1,0,0
FAM107A,0,0,0,1,0,0
FAM111A,0,0,0,1,0,1
FAM114A1,0,0,0,1,0,0
FAM126A,0,1,0,1,0,0
FAM131B,0,0,0,1,0,0
FAM136A,0,0,0,1,0,0
FAM198A,0,0,0,1,0,0
FAM210A,0,0,0,0,0,1
FAM210B,0,1,1,0,0,0
FAM212A,0,0,0,1,0,0
FAM214B,0,1,0,1,1,0
FAM35A,0,0,0,1,0,0
FAM3A,0,0,0,1,0,0
FAM57B,0,1,0,0,0,0
FAM84A,0,1,0,1,1,0
FAN1,0,0,0,1,0,0
FASTKD1,0,0,0,1,0,0
FBXL22,0,0,0,1,0,1
FBXO27,0,0,0,1,0,0
FBXO31,0,0,0,1,0,0
FBXO36,0,0,0,1,0,0
FBXW7,0,1,0,0,0,0
FCMR,0,0,0,1,0,0
FEM1C,0,0,0,1,0,0
FGD5,0,0,0,1,0,1
FGF11,0,0,0,1,0,0
FGFRL1,0,1,1,1,0,0
FH,0,0,0,1,0,0
FHOD1,0,0,0,0,0,1
FKBP8,0,0,0,1,0,0
FKBP9,0,1,0,1,0,1
FLI1,0,0,0,1,0,1
FLNB,0,1,0,1,0,0
FLRT3,0,1,0,1,1,0
FLT1,0,0,0,1,0,1
FMO2,0,0,0,1,0,1
FN1,0,0,1,0,0,0
FOXJ3,0,0,0,1,0,0
FP565260.6,0,0,0,1,0,0
FRMD6,0,0,0,1,0,0
FRMPD1,0,0,1,0,0,0
FST,0,0,0,1,0,0
FTCDNL1,0,0,0,1,0,0
FUCA2,0,1,0,1,0,0
FXYD4,0,0,0,1,0,0
FYB2,0,1,0,0,0,0
G6PC3,0,0,0,1,0,0
GAB1,0,1,0,0,0,0
GABRE,0,0,0,1,0,0
GADL1,0,1,0,1,0,0
GAL3ST1,0,0,0,1,0,0
GALE,0,0,0,1,0,0
GALNT15,0,0,0,0,0,1
GANAB,0,1,0,0,0,0
GAREM2,0,1,1,0,0,0
GATA2,0,0,0,1,0,0
GATAD2A,0,1,0,0,0,0
GCNT1,0,0,0,0,0,1
GCNT2,0,0,1,0,0,0
GDA,0,0,0,1,1,0
GDE1,0,1,0,0,0,0
GFRA1,0,0,0,1,0,0
GGA2,0,0,0,1,0,0
GGCT,0,0,0,1,0,0
GGT7,0,1,1,1,0,0
GIGYF1,0,0,0,1,0,0
GIMAP1,0,0,0,1,0,1
GIMAP6,0,0,0,1,0,0
GIMAP7,0,0,0,1,0,0
GINS3,0,1,1,0,0,0
GLG1,0,0,0,1,0,0
GLYR1,0,0,0,1,0,1
GMPR2,0,0,0,1,0,0
GNAI2,0,1,0,0,0,0
GNB1,0,0,0,1,0,0
GNB3,0,1,0,1,0,0
GNL3,0,0,0,1,0,0
GNRH1,0,0,0,1,0,0
GOLGA4,0,0,0,1,0,0
GOLGA8H,0,1,0,0,0,0
GOLPH3,0,1,0,0,0,0
GOLPH3L,0,0,0,1,0,0
GOT1,0,0,0,1,0,0
GPC3,0,1,0,0,0,0
GPD1,0,1,1,1,0,0
GPHN,0,1,0,0,0,0
GPIHBP1,0,0,0,1,0,0
GPR146,0,1,0,0,0,0
GPR153,0,1,0,0,0,0
GPR37,0,1,0,0,0,0
GPR82,0,0,1,0,0,0
GPRC5B,0,0,0,1,0,0
GPRC5C,0,0,0,1,0,1
GPRIN3,0,0,0,1,0,1
GPX3,0,1,0,0,0,0
GRB10,0,0,1,0,0,0
GREB1,0,0,0,1,0,0
GREB1L,0,1,0,0,0,0
GRIK2,0,1,0,1,0,0
GRK5,0,0,0,1,0,0
GRSF1,0,1,0,0,0,0
GSDMC,0,0,1,0,0,0
GSDME,0,0,0,1,0,0
GSTK1,0,0,0,1,0,0
GSTO1,0,0,0,1,0,0
GSTP1,0,1,0,0,0,0
GTDC1,0,1,1,0,0,0
GTF3C5,0,0,0,1,0,0
GUCY1B1,0,0,0,1,0,0
GYG2,0,1,0,0,0,0
H3F3B,0,0,0,1,0,0
HBS1L,0,1,0,0,0,0
HDAC1,0,0,0,1,0,0
HDAC7,0,1,0,0,0,0
HECW2,0,0,0,1,0,0
HEG1,0,0,0,0,0,1
HIP1R,0,0,0,1,0,0
HIST1H2AC,0,0,0,1,0,0
HK2,0,1,0,0,0,0
HLA-E,0,0,0,1,0,1
HMCN1,0,0,0,1,0,0
HMGCR,0,0,0,1,0,0
HMGCS1,0,1,0,0,0,0
HMOX2,0,0,0,1,0,0
HNRNPA0,0,0,0,1,0,0
HNRNPA3,0,0,0,1,0,0
HNRNPDL,0,0,0,1,0,0
HNRNPL,0,0,0,1,0,0
HNRNPUL2,0,0,0,1,0,0
HOMER1,0,1,0,1,0,0
HOXA10,0,0,0,1,0,0
HOXC4,0,0,0,1,0,0
HPCAL4,0,0,0,0,1,0
HPN,0,0,1,0,0,0
HSD17B11,0,0,0,1,0,1
HSFY2,0,1,1,0,0,0
HSPA1A,0,1,0,0,0,0
HSPB6,0,0,0,1,0,0
HVCN1,0,0,0,1,0,0
HYAL1,0,1,0,1,0,1
IDH2,0,0,0,1,0,1
IDNK,0,1,0,0,0,0
IER3,0,1,0,0,0,0
IFI16,0,0,0,1,0,1
IFIH1,0,0,0,1,0,1
IFIT2,0,0,0,1,0,1
IFNAR1,0,1,0,0,0,0
IFNGR2,0,0,0,1,1,0
IFT122,0,0,1,1,0,0
IGFBP3,0,1,0,1,0,1
IL12RB2,0,0,0,0,1,0
IL20RA,0,1,1,0,0,0
IL27RA,0,1,0,0,0,0
IL4R,0,1,0,0,0,0
IL6R,0,0,0,0,0,1
INHBB,0,1,0,0,0,0
INPP5D,0,0,0,1,0,1
INSIG1,0,1,0,0,0,0
INTS10,0,1,0,0,0,0
IQGAP1,0,0,0,1,0,0
IQSEC2,0,0,1,0,0,0
IRF2,0,0,0,1,0,0
IRF2BPL,0,0,0,1,0,0
IRX3,0,1,1,1,0,1
ITGA1,0,0,0,1,0,0
ITGA5,0,1,0,1,0,0
ITGA6,0,0,0,1,0,0
ITIH2,0,1,0,0,0,0
ITPR1,0,0,0,1,0,1
IVNS1ABP,0,0,1,0,0,0
JAG1,0,0,0,1,0,0
JAM2,0,0,0,1,0,1
JCAD,0,0,0,1,0,0
JPH1,0,0,0,1,0,0
JPT2,0,1,0,0,0,0
JRKL,0,0,0,1,1,0
JUN,0,0,0,1,0,0
KANK1,0,0,0,1,0,0
KANSL2,0,1,0,0,0,0
KBTBD13,0,0,0,1,0,0
KBTBD8,0,0,1,0,0,0
KCNAB2,0,0,0,1,0,0
KCNC1,0,0,0,1,0,0
KCNH2,0,1,0,0,0,0
KCNQ4,0,1,0,0,0,0
KCNS3,0,1,0,1,0,0
KCTD10,0,1,0,0,0,0
KCTD7,0,0,0,1,0,0
KDELC1,0,0,0,1,0,0
KDM4B,0,0,0,1,0,0
KDM5C,0,0,1,0,0,0
KDM5D,0,1,1,0,0,0
KDM6A,0,1,1,0,0,0
KIAA1024,0,0,1,0,0,0
KIAA1551,0,0,0,1,0,0
KIRREL1,0,0,0,1,0,0
KIT,0,0,0,1,0,0
KLB,0,0,1,0,0,0
KLHL20,0,1,0,0,0,0
KLHL25,0,1,0,1,0,0
KLHL26,0,0,0,1,0,0
KLHL33,0,0,0,1,0,0
KRBA2,0,0,0,1,0,0
KRTCAP3,0,1,0,1,0,1
L3MBTL1,0,0,0,0,0,1
LAMA3,0,0,0,1,0,0
LAMC1,0,0,0,1,0,0
LANCL2,0,1,0,0,0,0
LAP3,0,0,1,1,0,0
LASP1,0,1,0,0,0,0
LBP,0,1,0,1,0,0
LCN6,0,0,0,1,0,0
LDAH,0,0,0,1,0,0
LDB2,0,0,0,1,0,0
LEP,0,0,1,0,0,0
LGALS12,0,1,0,0,0,0
LGALS9,0,0,0,0,0,1
LHFPL6,0,0,0,1,0,1
LHPP,0,0,0,1,0,0
LHX6,0,1,0,0,0,0
LIMCH1,0,1,0,0,0,0
LIMD1,0,0,1,0,0,0
LIMK2,0,0,0,0,0,1
LIMS3,0,0,0,0,1,0
LIN9,0,0,1,1,0,0
LMO2,0,1,0,0,0,0
LOXL4,0,0,0,1,0,0
LPIN2,0,1,0,0,0,0
LPL,0,1,0,1,0,0
LRCH1,0,0,0,1,0,1
LRCH3,0,0,1,0,0,0
LRMP,0,0,0,1,0,0
LRP4,0,1,0,1,0,0
LRP5,0,1,0,0,0,0
LRPPRC,0,0,0,0,0,1
LRRC25,0,0,0,1,0,0
LRRC3B,0,0,0,1,0,0
LRRC42,0,0,0,1,0,0
LRRC56,0,1,0,0,0,0
LRRC66,0,1,0,0,0,0
LSMEM1,0,0,0,1,0,0
LSS,0,0,0,1,0,0
LTBP2,0,0,0,1,0,0
LTBP3,0,0,0,0,0,1
LUZP1,0,0,0,1,0,0
LY75,0,0,0,1,0,0
LYST,0,0,0,0,0,1
LZTS3,0,1,0,0,0,0
MAD2L1BP,0,0,0,1,0,0
MAFA,0,1,0,1,0,0
MAFB,0,1,0,1,0,0
MAFF,0,0,0,0,0,1
MAFK,0,0,0,1,0,0
MAGED1,0,0,0,1,0,0
MANSC1,0,0,0,1,0,0
MAP2,0,0,0,1,0,1
MAP2K6,0,0,0,1,0,0
MAP2K7,0,0,0,1,0,0
MAP3K14,0,0,0,1,1,0
MAP4K2,0,0,0,1,0,0
MAP7D2,0,1,0,0,0,0
MAPK6,0,1,0,0,0,0
MAPKAP1,0,0,1,0,0,0
MB21D2,0,0,0,1,0,0
MCF2L,0,0,0,1,0,0
MCOLN3,0,1,0,0,0,0
MCTP1,0,0,0,1,0,1
MEA1,0,1,0,0,0,0
MECOM,0,0,0,1,0,0
MED30,0,0,0,1,1,0
MED9,0,0,0,1,0,0
MERTK,0,0,0,1,0,0
METTL25,0,0,0,1,0,0
MFN2,0,0,0,1,0,0
MGAT5,0,1,0,1,0,1
MID1IP1,0,0,0,1,0,0
MIEF1,0,0,0,1,0,0
MLXIP,0,1,0,0,0,0
MMRN2,0,0,0,1,0,0
MOB2,0,0,0,1,0,0
MOB3C,0,1,0,0,0,0
MOV10,0,0,0,1,0,0
MPC1,0,0,0,1,0,0
MPP6,0,0,0,1,0,0
MRPS18B,0,0,0,1,0,0
MRVI1,0,0,0,1,0,0
MSANTD4,0,0,0,1,0,0
MSRB1,0,0,0,1,0,0
MSTN,0,0,0,1,0,0
MT-ATP6,0,0,0,1,0,1
MT-CO3,0,0,0,1,0,1
MT-ND1,0,0,0,1,0,1
MT-ND2,0,0,0,1,0,1
MT-ND3,0,0,0,1,0,1
MT-ND4,0,0,0,1,0,1
MTIF2,0,0,0,1,0,0
MTPN,0,1,0,0,0,0
MTRNR2L1,0,0,1,1,0,1
MUL1,0,0,0,1,0,0
MX2,0,0,0,0,0,1
MYADM,0,1,0,0,0,0
MYBPH,0,0,0,0,1,1
MYCT1,0,0,0,0,0,1
MYF6,0,0,0,1,0,0
MYH1,0,0,0,1,0,0
MYH10,0,0,0,1,0,0
MYH6,0,0,0,1,0,0
MYH9,0,1,0,0,0,0
MYLK2,0,0,0,1,0,0
MYO1B,0,0,0,1,0,1
MYO1C,0,1,0,0,0,0
MYO9B,0,1,0,0,0,0
NAB2,0,1,0,0,0,0
NAGPA,0,0,0,1,0,0
NANOS1,0,0,0,1,0,0
NAT8L,0,1,0,0,0,0
NAV1,0,0,0,1,0,0
NBDY,0,0,1,0,0,0
NBEAL1,0,0,0,1,0,0
NCOA3,0,1,0,0,0,0
NCOA7,0,0,0,1,0,0
NDFIP2,0,1,0,0,0,0
NDNF,0,0,0,1,0,0
NDRG4,0,1,1,0,0,0
NDUFA8,0,0,0,1,0,0
NDUFAF6,0,1,0,0,0,0
NDUFS2,0,0,0,1,0,0
NEBL,0,0,0,1,0,1
NES,0,1,0,1,0,0
NEURL1B,0,0,0,1,0,0
NFASC,0,0,0,1,0,0
NFKBIL1,0,0,0,1,0,0
NID1,0,0,0,1,0,0
NIM1K,0,1,0,1,0,1
NINJ1,0,0,0,1,0,0
NINJ2,0,0,0,1,1,0
NIPAL2,0,0,1,0,0,0
NIPSNAP1,0,0,0,1,0,0
NLGN4Y,0,1,1,0,0,0
NLRC5,0,0,0,0,0,1
NLRP1,0,0,0,1,0,0
NMNAT1,0,1,1,0,0,0
NOTCH1,0,1,0,0,0,0
NOTCH4,0,1,0,1,0,0
NOVA2,0,0,0,1,0,0
NPR1,0,1,0,0,0,0
NPR3,0,0,0,0,0,1
NPTX1,0,0,1,0,0,0
NR0B2,0,0,0,1,0,0
NR1I3,0,0,0,1,0,0
NRF1,0,0,0,1,0,0
NRM,0,1,0,1,0,0
NRN1,0,0,0,0,0,1
NUDT13,0,0,0,1,0,0
NUDT7,0,0,0,1,0,0
NUSAP1,0,1,0,1,0,1
NYNRIN,0,0,0,1,0,0
OAS2,0,0,0,1,0,1
OAZ3,0,0,0,1,0,0
OGDH,0,0,0,1,0,0
OGN,0,1,0,0,0,0
OGT,0,0,0,1,0,0
OIP5,0,1,0,0,0,0
OLFML2A,0,0,0,0,0,1
OLIG1,0,1,0,0,0,0
OPA3,0,0,0,1,0,0
OPN3,0,0,0,1,0,0
OPRD1,0,1,0,0,0,0
ORMDL3,0,0,0,1,0,0
OSBPL10,0,0,0,1,0,0
OSBPL7,0,0,0,1,0,0
OSMR,0,0,0,1,0,1
OTUD7B,0,1,0,0,0,0
OXCT1,0,1,0,0,0,0
OXNAD1,0,0,0,1,0,0
P2RX5,0,0,0,1,0,0
P4HA2,0,1,0,1,0,0
PACSIN2,0,0,0,1,0,0
PAFAH1B3,0,0,0,1,0,0
PAG1,0,0,0,1,0,0
PALD1,0,1,0,0,0,0
PANK1,0,0,0,1,0,0
PANX1,0,0,0,0,1,0
PAPPA,0,0,0,1,0,0
PAPSS2,0,1,0,0,0,0
PAQR4,0,0,0,1,0,0
PARP4,0,0,0,1,0,0
PAX3,0,0,0,1,0,1
PBX3,0,1,0,0,0,0
PCDH1,0,0,0,1,0,0
PCDH17,0,0,0,1,0,0
PDE2A,0,0,0,1,0,0
PDE4C,0,1,0,0,0,0
PDE4DIP,0,1,0,0,0,0
PDE5A,0,1,0,1,1,0
PDGFRB,0,0,0,1,0,0
PDK4,0,0,0,1,0,0
PDLIM5,0,0,0,1,0,0
PEA15,0,1,0,1,0,0
PEAK1,0,0,0,1,0,0
PEAR1,0,0,0,1,0,0
PECAM1,0,1,0,1,0,1
PFKL,0,0,0,1,0,0
PGD,0,1,0,1,0,0
PGK1,0,0,1,0,0,0
PGM1,0,1,0,0,0,0
PGM2,0,0,0,1,0,0
PHF1,0,1,0,0,0,0
PHKA1,0,1,0,0,0,0
PHKB,0,1,0,0,0,0
PHKG1,0,1,0,1,0,0
PHLDA3,0,1,0,1,1,0
PHLDB3,0,0,0,1,0,0
PHTF2,0,0,0,1,0,0
PIAS1,0,0,0,1,0,0
PIDD1,0,0,0,1,0,0
PIGQ,0,0,0,1,0,0
PIGW,0,0,0,1,0,0
PIK3C3,0,0,0,1,0,0
PIK3CB,0,1,0,0,0,0
PIK3R6,0,1,0,0,0,0
PISD,0,0,0,1,0,0
PITPNC1,0,1,0,0,0,0
PKN1,0,1,0,0,0,0
PKNOX2,0,0,0,0,0,1
PLA2G15,0,0,0,0,0,1
PLAGL1,0,1,0,0,0,0
PLAT,0,0,0,0,0,1
PLBD1,0,1,0,1,0,0
PLCG1,0,0,0,1,0,0
PLCH1,0,1,0,0,0,0
PLCL2,0,1,0,0,0,0
PLD6,0,1,0,0,0,0
PLGLB1,0,0,0,1,0,0
PLIN1,0,1,0,0,0,0
PLPP7,0,0,0,1,0,0
PLSCR1,0,0,0,1,0,1
PLXNA2,0,1,0,1,0,0
PML,0,0,0,1,0,0
PNPLA6,0,0,0,1,0,0
PNRC1,0,0,0,1,0,0
PODXL,0,0,0,1,0,1
POLE,0,0,0,1,0,1
POMT1,0,0,0,0,0,1
PON2,0,1,0,0,0,0
POPDC3,0,0,0,1,0,0
POR,0,1,0,0,0,0
POSTN,0,1,0,1,0,1
PPARG,0,1,0,1,0,0
PPFIA4,0,1,0,1,1,0
PPFIBP1,0,0,0,1,0,0
PPIF,0,0,0,1,0,0
PPP1R14B,0,0,1,0,0,0
PPP1R16B,0,0,0,1,0,0
PPP1R18,0,0,0,1,0,0
PPP1R1B,0,1,0,0,0,0
PPP1R2,0,0,0,1,0,0
PPP1R3A,0,1,0,0,0,0
PPP1R3E,0,0,1,0,0,0
PPP1R3G,0,1,0,0,0,0
PPP1R9A,0,1,0,0,0,0
PPP1R9B,0,1,0,1,0,0
PPP3CA,0,0,0,1,0,0
PPP3R1,0,0,0,1,0,0
PRDM4,0,0,0,1,0,0
PRDM8,0,0,1,0,0,0
PRDX4,0,0,0,1,0,0
PRG4,0,0,0,0,0,1
PRKAG2,0,0,0,1,0,0
PRKAG3,0,1,0,1,0,0
PRKCH,0,0,0,1,0,1
PRKX,0,0,0,1,0,0
PRMT7,0,0,0,0,0,1
PRODH,0,1,0,1,0,0
PROS1,0,0,0,1,0,0
PRPF40B,0,0,0,0,0,1
PRPS2,0,0,0,0,0,1
PRRC2B,0,0,1,0,0,0
PSEN2,0,1,0,1,0,0
PSTPIP2,0,1,0,0,0,0
PTCD3,0,0,0,1,0,0
PTPN9,0,0,0,1,0,0
PTPRB,0,0,0,1,0,1
PTTG1IP,0,0,0,1,0,0
PUDP,0,1,1,0,0,0
PVALB,0,1,0,1,0,0
PXDC1,0,1,0,0,0,0
PXN,0,0,0,0,0,1
QPCT,0,0,0,1,0,0
QTRT1,0,0,0,1,0,0
RAB12,0,0,0,1,0,0
RAB15,0,1,0,0,0,0
RABEP1,0,1,0,0,0,0
RAI2,0,1,1,0,0,0
RAPGEF3,0,0,0,1,0,1
RAPGEF5,0,0,0,1,0,1
RASA4,0,0,0,1,0,0
RASA4B,0,0,0,1,0,0
RASGEF1B,0,0,0,1,0,0
RASGRF2,0,0,0,1,0,0
RASSF3,0,1,0,0,1,0
RASSF5,0,1,1,0,0,0
RBFOX2,0,0,0,1,0,0
RBM18,0,1,0,1,0,0
RBM24,0,1,0,1,0,0
RBM33,0,0,0,1,0,0
RCE1,0,1,0,0,0,0
RDH13,0,0,0,1,0,0
RGMA,0,0,0,1,0,0
RGMB,0,0,0,1,0,0
RGP1,0,0,0,1,0,0
RGS9BP,0,0,0,1,0,0
RHOBTB1,0,0,0,1,0,0
RMND5A,0,0,0,1,0,0
RNF130,0,0,1,0,0,0
RNF144A,0,0,0,1,0,0
RNF213,0,0,0,1,0,0
RNF43,0,1,1,0,0,0
ROGDI,0,0,0,1,0,1
RPS4Y1,0,1,1,0,0,0
RPUSD4,0,0,0,1,0,0
RRP12,0,0,0,1,0,0
RRP7A,0,1,0,0,0,0
RTN3,0,1,0,0,0,0
RTN4IP1,0,0,0,1,0,0
RTTN,0,0,0,0,0,1
RUNDC3B,0,0,0,1,0,0
S100B,0,1,0,0,0,0
S1PR1,0,0,0,1,0,0
SAG,0,0,0,1,0,0
SAMD9,0,0,0,1,0,1
SAMM50,0,0,1,0,0,0
SAR1B,0,1,0,1,0,0
SBK3,0,0,0,1,0,0
SCD,0,1,0,0,0,0
SCRN1,0,1,0,0,0,0
SDHA,0,0,0,1,0,0
SDHB,0,0,0,1,0,0
SDK1,0,1,0,0,0,0
SDSL,0,0,0,1,0,0
SEC24A,0,1,0,0,0,0
SECISBP2,0,0,0,1,0,0
SEL1L3,0,0,0,1,0,0
SEMA3G,0,0,0,1,0,0
SEMA5A,0,0,0,1,0,0
SEPT8,0,1,0,1,0,0
SERINC1,0,1,0,0,0,0
SERPINB6,0,0,0,1,0,0
SERPING1,0,0,0,1,0,0
SFMBT2,0,0,0,1,0,0
SFRP1,0,1,1,0,0,0
SGCB,0,0,0,1,0,0
SGIP1,0,0,0,1,0,1
SH3BP4,0,1,0,1,0,0
SH3RF3,0,0,0,1,0,0
SH3TC2,0,0,0,0,0,1
SHANK3,0,0,0,1,0,0
SHE,0,0,0,1,0,0
SHISA2,0,1,0,1,0,0
SHOX,0,1,0,0,0,0
SHROOM4,0,0,0,1,0,0
SIAH1,0,0,0,1,0,0
SIGMAR1,0,1,0,0,0,0
SIPA1L2,0,0,0,1,0,0
SLC12A4,0,1,0,0,0,0
SLC16A1,0,0,0,1,0,0
SLC16A10,0,1,0,1,0,0
SLC16A7,0,0,0,1,0,0
SLC18B1,0,0,1,0,0,0
SLC22A3,0,0,0,1,0,0
SLC22A4,0,0,0,1,0,0
SLC25A45,0,0,0,1,0,0
SLC25A5,0,0,0,1,0,0
SLC2A8,0,0,0,1,0,0
SLC35A1,0,0,0,1,0,0
SLC35D1,0,0,0,1,0,0
SLC35D2,0,0,0,1,0,0
SLC39A14,0,0,0,1,0,0
SLC39A8,0,0,0,1,0,1
SLC43A2,0,0,0,1,0,0
SLC44A2,0,0,0,1,0,0
SLC50A1,0,0,0,1,0,0
SLC51A,0,0,1,0,0,0
SLC7A7,0,0,0,1,0,1
SLFN11,0,0,0,1,0,0
SLFN5,0,1,0,0,0,0
SMIM11A,0,0,0,1,0,0
SMO,0,1,1,0,0,0
SMPD3,0,0,0,1,0,1
SMTNL1,0,0,0,0,0,1
SNCAIP,0,0,0,1,0,1
SNCB,0,0,0,1,0,0
SNRPN,0,1,1,0,0,0
SNX33,0,0,0,1,0,0
SOCS2,0,0,0,1,0,0
SOGA1,0,1,0,1,0,0
SOS2,0,0,0,1,0,0
SOX12,0,1,0,0,0,0
SOX7,0,0,0,1,0,0
SPAM1,0,1,0,0,0,0
SPARCL1,0,1,0,1,0,1
SPATS2L,0,1,0,1,0,0
SPINDOC,0,1,0,0,0,0
SPRED2,0,0,0,1,0,0
SPTLC2,0,0,0,1,0,1
SPX,0,1,0,0,0,0
SRGN,0,0,0,1,0,1
SRPK3,0,0,0,1,0,1
SRRM2,0,0,0,0,0,1
SSBP2,0,0,0,1,0,0
SSBP3,0,1,0,0,0,0
SSPO,0,0,0,1,0,0
ST3GAL6,0,1,0,0,0,0
ST6GAL1,0,0,0,1,0,0
ST6GALNAC2,0,1,0,0,0,0
ST8SIA5,0,0,0,1,0,0
STARD13,0,0,0,1,0,0
STARD8,0,0,0,1,0,0
STARD9,0,0,0,1,0,0
STC1,0,0,0,0,0,1
STK10,0,0,0,1,0,0
STMN1,0,0,0,1,0,0
STOM,0,0,0,1,0,1
STON1,0,0,0,1,0,0
STOX1,0,1,0,0,0,0
STS,0,1,0,1,0,0
STX16,0,0,0,1,0,0
STX3,0,0,0,1,0,0
STXBP3,0,1,0,0,0,0
SUCLG1,0,0,0,1,0,0
SULF1,0,1,0,0,0,0
SULF2,0,0,0,1,0,0
SWAP70,0,0,0,1,0,0
SYBU,0,0,0,1,0,0
SYNGR2,0,0,0,1,0,0
SYNJ2,0,0,0,1,0,0
TACC1,0,0,0,1,0,1
TACR1,0,0,0,0,0,1
TADA2B,0,1,0,0,0,0
TAF15,0,0,0,1,0,0
TAF6L,0,0,0,0,0,1
TAL1,0,0,0,1,0,0
TALDO1,0,1,0,0,0,0
TAP2,0,0,0,0,0,1
TAS2R4,0,0,0,1,0,0
TAX1BP3,0,0,0,1,0,0
TBCC,0,0,0,1,0,1
TBL1Y,0,1,1,0,0,0
TCEAL1,0,0,0,1,0,1
TDG,0,1,0,0,0,0
TEAD1,0,0,0,1,0,0
TESC,0,0,0,0,0,1
TESK2,0,0,0,1,0,0
TFCP2L1,0,0,1,0,0,1
TFPT,0,0,0,1,0,0
TGFB1I1,0,1,0,0,0,0
TGFB3,0,1,0,1,0,0
TGFBR3L,0,1,1,0,0,0
TGM2,0,0,0,1,0,0
THBS2,0,1,0,0,0,0
THSD1,0,0,0,1,0,0
TIE1,0,0,0,1,0,1
TIMP3,0,0,0,1,0,1
TIMP4,0,1,0,1,0,0
TJAP1,0,0,0,1,0,1
TMED4,0,1,0,1,0,0
TMEM101,0,0,0,1,0,0
TMEM115,0,0,0,1,0,0
TMEM120A,0,0,0,1,0,0
TMEM38A,0,1,0,0,0,0
TMEM41A,0,1,0,0,0,0
TMEM56,0,0,0,1,0,0
TMEM63C,0,1,0,0,0,0
TMEM86B,0,0,0,1,0,0
TMOD1,0,1,0,0,0,0
TMSB4Y,0,0,1,0,0,0
TNFRSF19,0,0,0,0,1,1
TNFRSF8,0,0,0,1,0,0
TNFSF12,0,0,0,1,0,0
TNNI3,0,1,0,1,0,0
TNS2,0,1,0,0,0,0
TNS3,0,0,0,1,0,0
TP53BP2,0,0,0,1,0,0
TP63,0,0,0,1,0,0
TPD52,0,1,0,0,0,0
TPM4,0,1,0,0,0,0
TPRG1,0,1,1,0,0,0
TRABD2B,0,0,0,0,0,1
TRAM2,0,0,0,1,0,0
TRIM22,0,0,0,1,0,1
TRIM28,0,0,0,1,0,0
TRIM47,0,1,0,0,0,0
TRIM7,0,0,0,1,0,0
TRIO,0,0,0,1,0,0
TRIP10,0,0,0,1,0,0
TRMT2A,0,0,0,1,0,1
TRPC6,0,0,0,0,0,1
TSEN2,0,0,0,1,0,0
TSHZ2,0,0,0,0,0,1
TSHZ3,0,0,0,1,0,0
TSPAN14,0,0,0,1,0,0
TSPAN3,0,1,0,1,0,0
TSPAN5,0,1,1,0,0,0
TSPAN8,0,0,0,1,0,0
TSPYL2,0,0,0,0,0,1
TSR1,0,1,0,0,0,0
TTC30A,0,0,0,1,0,0
TTLL12,0,1,0,0,0,0
TUBB1,0,1,0,0,0,0
TUBGCP5,0,0,0,1,0,0
TUBGCP6,0,0,0,0,0,1
TUSC5,0,1,0,0,0,0
TXLNG,0,1,1,0,0,0
TXNRD3,0,0,0,1,0,0
UAP1L1,0,1,0,0,0,0
UBE2L6,0,0,0,1,0,0
UBQLN2,0,0,0,1,0,0
UCP3,0,1,0,0,0,0
UGDH,0,1,0,0,0,0
UGT3A1,0,1,0,1,0,0
UNC13B,0,1,0,0,0,0
UNC13C,0,1,1,0,0,0
UNK,0,0,0,1,0,0
UPF3A,0,0,0,1,0,0
USP15,0,1,0,0,0,0
USP6,0,0,0,1,0,0
USP9Y,0,0,1,0,0,0
UTP14A,0,0,0,1,0,0
UTRN,0,0,0,1,0,1
UTY,0,1,1,0,0,0
VAPA,0,0,0,1,0,0
VARS2,0,0,1,0,0,0
VASH1,0,0,0,1,0,0
VCAN,0,0,1,0,0,0
VDAC3,0,0,0,1,0,0
VIPR1,0,0,0,1,0,0
VLDLR,0,0,0,1,0,0
VPS26C,0,0,0,1,0,0
VSIG2,0,0,0,0,0,1
VSIR,0,0,0,1,0,0
VWF,0,0,0,1,0,0
WBP1L,0,0,0,1,0,0
WDR25,0,0,0,1,0,1
WDR33,0,0,1,1,0,0
WDR91,0,0,0,0,0,1
WFIKKN2,0,0,1,0,0,0
WLS,0,1,0,0,0,0
WNT4,0,0,0,1,0,1
WWP1,0,1,0,0,0,0
XPNPEP2,0,1,0,1,0,0
YIPF2,0,0,0,1,0,0
YPEL2,0,0,0,1,0,0
YTHDF2,0,1,0,0,0,0
YWHAE,0,0,0,1,0,0
YWHAQ,0,1,0,0,0,0
ZBED1,0,1,1,0,0,0
ZBTB37,0,0,0,1,0,0
ZBTB49,0,0,0,1,0,0
ZC3HAV1,0,0,0,0,0,1
ZCCHC24,0,0,0,1,0,0
ZDHHC14,0,1,0,0,0,0
ZFP90,0,0,0,1,0,1
ZFX,0,0,1,0,0,0
ZFY,0,1,1,0,0,0
ZMYND10,0,0,1,0,0,0
ZNF133,0,1,0,1,0,0
ZNF213,0,0,0,1,0,0
ZNF385D,0,0,0,1,0,0
ZNF415,0,0,0,1,0,0
ZNF425,0,0,0,1,0,0
ZNF44,0,0,0,1,0,0
ZNF574,0,0,0,1,0,0
ZNF581,0,0,0,1,0,0
ZNF600,0,0,0,1,0,1
ZNF626,0,0,0,1,0,0
ZNF627,0,0,0,1,0,0
ZNF653,0,0,0,1,0,0
ZNF680,0,1,0,0,0,0
ZNF682,0,1,0,0,0,0
ZNF711,0,0,1,0,0,0
ZNF764,0,0,0,1,0,0
ZNF774,0,0,0,1,0,0
ZNFX1,0,0,0,1,0,0
ZSCAN18,0,1,1,0,0,0